0:00:00.025, 42490.473, 515
0:00:00.025, 42490.642, 613
0:00:00.026, 42491.583, 466
0:00:00.026, 42490.584, 645
0:00:00.027, 42491.026, 486
0:00:00.027, 42491.507, 703
0:00:00.027, 42490.531, 581
0:00:00.028, 42490.969, 664
0:00:00.028, 42491.257, 442
0:00:00.028, 42490.454, 637
0:00:00.029, 42490.911, 610
0:00:00.029, 42490.661, 615
0:00:00.029, 42490.492, 461
0:00:00.030, 42490.873, 640
0:00:00.034, 42490.200, 698
0:00:00.034, 42490.416, 703
0:00:00.034, 42490.777, 461
0:00:00.035, 42489.993, 657
0:00:00.035, 42490.239, 598
0:00:00.036, 42490.796, 693
0:00:00.036, 42489.724, 601
0:00:00.036, 42490.396, 710
0:00:00.037, 42490.738, 493
0:00:00.037, 42490.181, 593
0:00:00.038, 42490.492, 552
0:00:00.038, 42490.469, 637
0:00:00.038, 42490.450, 708
0:00:00.039, 42490.704, 679
0:00:00.039, 42490.104, 688
0:00:00.039, 42490.685, 569
0:00:00.040, 42490.873, 542
0:00:00.040, 42490.051, 627
0:00:00.040, 42490.873, 669
0:00:00.041, 42490.988, 591
0:00:00.041, 42490.185, 532
0:00:00.042, 42490.853, 645
0:00:00.042, 42490.834, 564
0:00:00.042, 42490.262, 667
0:00:00.043, 42490.949, 525
0:00:00.043, 42490.949, 674
0:00:00.043, 42490.623, 461
0:00:00.044, 42491.065, 654
0:00:00.045, 42490.608, 593
0:00:00.049, 42491.199, 591
0:00:00.049, 42491.257, 640
0:00:00.050, 42490.527, 615
0:00:00.050, 42491.222, 518
0:00:00.050, 42491.161, 603
0:00:00.051, 42490.527, 491
0:00:00.051, 42492.006, 728
0:00:00.051, 42491.641, 559
0:00:00.052, 42490.911, 645
0:00:00.052, 42491.449, 493
0:00:00.053, 42490.954, 642
0:00:00.053, 42490.680, 745
0:00:00.054, 42491.122, 620
0:00:00.054, 42490.435, 481
0:00:00.054, 42491.238, 640
0:00:00.055, 42490.680, 706
0:00:00.055, 42490.181, 681
0:00:00.055, 42491.050, 547
0:00:00.056, 42490.757, 659
0:00:00.056, 42490.339, 508
0:00:00.056, 42490.930, 691
0:00:00.057, 42490.738, 620
0:00:00.057, 42490.123, 571
0:00:00.058, 42491.146, 562
0:00:00.058, 42490.315, 596
0:00:00.059, 42490.416, 527
0:00:00.060, 42490.796, 613
0:00:00.060, 42490.546, 554
0:00:00.060, 42490.973, 618
0:00:00.061, 42490.719, 571
0:00:00.062, 42490.412, 625
0:00:00.063, 42491.142, 510
0:00:00.063, 42490.627, 640
0:00:00.064, 42490.258, 522
0:00:00.064, 42491.199, 647
0:00:00.064, 42490.512, 481
0:00:00.065, 42490.143, 708
0:00:00.065, 42490.877, 500
0:00:00.065, 42490.066, 713
0:00:00.066, 42490.300, 479
0:00:00.066, 42490.623, 588
0:00:00.067, 42490.027, 625
0:00:00.067, 42490.492, 649
0:00:00.067, 42490.219, 508
0:00:00.068, 42490.070, 652
0:00:00.068, 42490.796, 564
0:00:00.069, 42489.993, 669
0:00:00.069, 42490.181, 461
0:00:00.070, 42490.969, 635
0:00:00.071, 42489.724, 786
0:00:00.071, 42490.127, 691
0:00:00.071, 42490.642, 564
0:00:00.071, 42489.647, 645
0:00:00.072, 42490.181, 530
0:00:00.072, 42490.339, 735
0:00:00.073, 42490.066, 508
0:00:00.073, 42490.185, 654
0:00:00.073, 42489.739, 500
0:00:00.074, 42489.820, 625
0:00:00.074, 42490.258, 610
0:00:00.074, 42489.321, 598
0:00:00.075, 42489.801, 627
0:00:00.075, 42490.200, 598
0:00:00.075, 42489.186, 547
0:00:00.076, 42489.340, 586
0:00:00.076, 42489.724, 500
0:00:00.076, 42489.148, 681
0:00:00.077, 42490.104, 764
0:00:00.077, 42490.012, 740
0:00:00.077, 42489.662, 454
0:00:00.078, 42490.300, 608
0:00:00.079, 42489.854, 552
0:00:00.079, 42490.204, 669
0:00:00.080, 42490.469, 447
0:00:00.080, 42489.686, 615
0:00:00.080, 42490.469, 522
0:00:00.081, 42490.742, 674
0:00:00.081, 42489.662, 537
0:00:00.082, 42490.569, 679
0:00:00.082, 42490.680, 723
0:00:00.082, 42489.955, 657
0:00:00.083, 42490.738, 537
0:00:00.083, 42490.584, 635
0:00:00.083, 42490.473, 625
0:00:00.084, 42490.930, 593
0:00:00.084, 42490.281, 457
0:00:00.085, 42490.527, 652
0:00:00.085, 42490.892, 500
0:00:00.086, 42489.974, 667
0:00:00.086, 42491.026, 706
0:00:00.086, 42490.315, 630
0:00:00.087, 42489.762, 615
0:00:00.087, 42490.565, 710
0:00:00.088, 42490.396, 669
0:00:00.088, 42489.931, 640
0:00:00.088, 42491.030, 527
0:00:00.089, 42490.431, 598
0:00:00.089, 42490.320, 522
0:00:00.089, 42490.642, 601
0:00:00.090, 42490.315, 439
0:00:00.090, 42490.204, 620
0:00:00.091, 42490.239, 540
0:00:00.091, 42489.743, 598
0:00:00.091, 42490.277, 430
0:00:00.092, 42489.955, 630
0:00:00.093, 42489.455, 569
0:00:00.093, 42490.604, 669
0:00:00.093, 42489.955, 510
0:00:00.094, 42489.720, 662
0:00:00.095, 42490.531, 562
0:00:00.095, 42489.874, 701
0:00:00.096, 42489.993, 654
0:00:00.096, 42490.469, 637
0:00:00.096, 42489.801, 684
0:00:00.097, 42490.815, 696
0:00:00.097, 42489.858, 627
0:00:00.097, 42489.340, 657
0:00:00.097, 42490.066, 559
0:00:00.098, 42489.532, 664
0:00:00.098, 42489.474, 486
0:00:00.099, 42490.392, 649
0:00:00.099, 42489.570, 559
0:00:00.099, 42489.739, 649
0:00:00.100, 42490.435, 547
0:00:00.100, 42489.590, 596
0:00:00.100, 42489.893, 537
0:00:00.101, 42490.127, 645
0:00:00.101, 42489.758, 464
0:00:00.101, 42489.916, 750
0:00:00.103, 42489.609, 525
0:00:00.103, 42489.374, 674
0:00:00.103, 42490.012, 557
0:00:00.104, 42489.225, 642
0:00:00.104, 42489.628, 664
0:00:00.105, 42490.219, 708
0:00:00.105, 42489.186, 513
0:00:00.105, 42489.935, 654
0:00:00.106, 42490.181, 454
0:00:00.106, 42489.455, 576
0:00:00.107, 42489.893, 588
0:00:00.107, 42490.166, 698
0:00:00.107, 42489.570, 579
0:00:00.108, 42490.219, 657
0:00:00.109, 42489.935, 508
0:00:00.109, 42489.951, 632
0:00:00.111, 42490.262, 530
0:00:00.112, 42489.643, 710
0:00:00.112, 42490.262, 540
0:00:00.112, 42490.277, 618
0:00:00.113, 42489.455, 605
0:00:00.113, 42490.281, 623
0:00:00.113, 42490.277, 662
0:00:00.114, 42489.590, 654
0:00:00.115, 42490.488, 564
0:00:00.115, 42490.070, 718
0:00:00.116, 42489.931, 515
0:00:00.116, 42490.396, 610
0:00:00.116, 42489.758, 608
0:00:00.117, 42489.974, 632
0:00:00.117, 42490.123, 654
0:00:00.118, 42489.321, 737
0:00:00.118, 42490.281, 581
0:00:00.118, 42490.239, 601
0:00:00.119, 42489.244, 532
0:00:00.119, 42490.320, 645
0:00:00.120, 42489.970, 532
0:00:00.120, 42489.321, 637
0:00:00.121, 42490.047, 476
0:00:00.121, 42489.570, 647
0:00:00.121, 42489.301, 515
0:00:00.122, 42489.897, 674
0:00:00.122, 42489.105, 515
0:00:00.123, 42489.743, 571
0:00:00.123, 42489.609, 527
0:00:00.123, 42489.205, 737
0:00:00.124, 42490.219, 708
0:00:00.124, 42489.647, 640
0:00:00.124, 42489.205, 488
0:00:00.125, 42490.219, 686
0:00:00.125, 42489.686, 679
0:00:00.126, 42489.570, 645
0:00:00.127, 42490.373, 610
0:00:00.127, 42489.609, 671
0:00:00.128, 42489.624, 520
0:00:00.128, 42489.955, 591
0:00:00.128, 42489.782, 562
0:00:00.128, 42489.989, 637
0:00:00.128, 42489.782, 471
0:00:00.129, 42489.590, 608
0:00:00.129, 42490.085, 710
0:00:00.129, 42489.532, 630
0:00:00.129, 42489.532, 500
0:00:00.129, 42490.123, 654
0:00:00.129, 42489.301, 620
0:00:00.129, 42489.263, 610
0:00:00.129, 42489.720, 518
0:00:00.129, 42488.667, 598
0:00:00.129, 42489.417, 503
0:00:00.130, 42489.878, 610
0:00:00.130, 42489.378, 591
0:00:00.130, 42490.008, 696
0:00:00.130, 42489.782, 571
0:00:00.130, 42489.762, 620
0:00:00.130, 42490.123, 518
0:00:00.130, 42489.628, 627
0:00:00.130, 42489.662, 662
0:00:00.130, 42490.320, 593
0:00:00.130, 42489.282, 481
0:00:00.130, 42489.931, 603
0:00:00.131, 42490.243, 537
0:00:00.131, 42489.547, 632
0:00:00.131, 42489.897, 657
0:00:00.131, 42490.089, 620
0:00:00.131, 42489.278, 496
0:00:00.131, 42489.839, 598
0:00:00.131, 42489.321, 605
0:00:00.131, 42489.109, 691
0:00:00.131, 42489.682, 552
0:00:00.131, 42489.148, 627
0:00:00.131, 42489.820, 459
0:00:00.132, 42489.935, 620
0:00:00.132, 42489.105, 496
0:00:00.132, 42489.878, 559
0:00:00.132, 42490.185, 466
0:00:00.132, 42489.278, 627
0:00:00.132, 42490.031, 547
0:00:00.132, 42490.066, 591
0:00:00.132, 42489.609, 444
0:00:00.132, 42490.300, 671
0:00:00.132, 42489.931, 454
0:00:00.132, 42489.762, 703
0:00:00.133, 42490.200, 544
0:00:00.133, 42489.916, 784
0:00:00.133, 42490.335, 518
0:00:00.133, 42490.147, 706
0:00:00.133, 42489.397, 481
0:00:00.133, 42490.508, 610
0:00:00.133, 42490.089, 474
0:00:00.133, 42489.374, 664
0:00:00.133, 42490.377, 486
0:00:00.133, 42489.931, 625
0:00:00.143, 42489.590, 505
0:00:00.143, 42490.185, 620
0:00:00.143, 42489.586, 508
0:00:00.143, 42489.513, 613
0:00:00.145, 42489.935, 569
0:00:00.145, 42489.278, 649
0:00:00.145, 42489.782, 496
0:00:00.145, 42489.743, 688
0:00:00.145, 42489.359, 569
0:00:00.145, 42489.970, 596
0:00:00.145, 42489.609, 554
0:00:00.146, 42489.013, 625
0:00:00.146, 42489.970, 452
0:00:00.146, 42489.417, 620
0:00:00.146, 42489.551, 562
0:00:00.146, 42490.104, 674
0:00:00.146, 42489.493, 610
0:00:00.146, 42489.628, 649
0:00:00.146, 42489.970, 527
0:00:00.146, 42489.417, 706
0:00:00.146, 42489.935, 615
0:00:00.146, 42489.643, 688
0:00:00.147, 42489.551, 486
0:00:00.147, 42490.435, 676
0:00:00.147, 42489.566, 562
0:00:00.147, 42489.628, 654
0:00:00.147, 42490.469, 625
0:00:00.147, 42489.551, 588
0:00:00.147, 42489.532, 635
0:00:00.147, 42490.469, 603
0:00:00.147, 42489.666, 486
0:00:00.147, 42490.700, 601
0:00:00.147, 42490.704, 723
0:00:00.148, 42490.546, 747
0:00:00.148, 42490.719, 630
0:00:00.148, 42490.396, 623
0:00:00.148, 42490.162, 693
0:00:00.148, 42490.742, 662
0:00:00.148, 42489.739, 471
0:00:00.148, 42490.320, 674
0:00:00.148, 42490.777, 564
0:00:00.148, 42489.724, 632
0:00:00.148, 42490.719, 532
0:00:00.148, 42490.911, 662
0:00:00.148, 42490.281, 583
0:00:00.149, 42490.911, 620
0:00:00.149, 42491.045, 657
0:00:00.149, 42490.127, 591
0:00:00.149, 42490.777, 537
0:00:00.149, 42490.488, 698
0:00:00.149, 42490.665, 605
0:00:00.149, 42491.103, 703
0:00:00.149, 42490.335, 447
0:00:00.149, 42491.045, 642
0:00:00.149, 42491.165, 659
0:00:00.158, 42490.488, 698
0:00:00.158, 42491.257, 674
0:00:00.158, 42491.199, 605
0:00:00.158, 42490.569, 566
0:00:00.158, 42491.410, 671
0:00:00.158, 42491.142, 535
0:00:00.158, 42490.930, 686
0:00:00.158, 42491.391, 530
0:00:00.158, 42490.877, 605
0:00:00.158, 42491.238, 496
0:00:00.158, 42491.449, 605
0:00:00.159, 42490.815, 640
0:00:00.159, 42491.583, 591
0:00:00.159, 42491.334, 574
0:00:00.159, 42490.777, 642
0:00:00.159, 42491.718, 442
0:00:00.159, 42491.391, 691
0:00:00.159, 42490.723, 603
0:00:00.159, 42491.603, 664
0:00:00.159, 42491.180, 583
0:00:00.159, 42490.949, 645
0:00:00.159, 42491.603, 698
0:00:00.160, 42490.969, 667
0:00:00.160, 42491.487, 625
0:00:00.160, 42491.165, 603
0:00:00.160, 42490.930, 701
0:00:00.160, 42491.218, 605
0:00:00.160, 42490.546, 654
0:00:00.165, 42489.820, 674
0:00:00.165, 42490.911, 488
0:00:00.165, 42489.993, 684
0:00:00.165, 42489.816, 452
0:00:00.165, 42490.800, 596
0:00:00.165, 42489.931, 537
0:00:00.166, 42490.070, 642
0:00:00.166, 42490.373, 571
0:00:00.166, 42489.897, 679
0:00:00.166, 42490.315, 444
0:00:00.166, 42490.223, 596
0:00:00.166, 42489.989, 547
0:00:00.166, 42490.665, 603
0:00:00.166, 42489.854, 708
0:00:00.166, 42489.916, 632
0:00:00.166, 42490.661, 664
0:00:00.166, 42489.801, 652
0:00:00.167, 42490.200, 464
0:00:00.167, 42490.704, 676
0:00:00.167, 42490.047, 635
0:00:00.167, 42490.416, 691
0:00:00.167, 42490.604, 562
0:00:00.167, 42489.916, 676
0:00:00.167, 42490.700, 520
0:00:00.167, 42490.239, 718
0:00:00.167, 42490.147, 476
0:00:00.167, 42490.450, 623
0:00:00.167, 42490.320, 632
0:00:00.168, 42490.219, 693
0:00:00.168, 42490.973, 574
0:00:00.168, 42489.778, 620
0:00:00.168, 42490.512, 481
0:00:00.168, 42490.719, 564
0:00:00.168, 42489.820, 513
0:00:00.168, 42490.412, 679
0:00:00.168, 42490.469, 510
0:00:00.168, 42489.916, 703
0:00:00.168, 42490.392, 508
0:00:00.178, 42490.223, 581
0:00:00.178, 42490.296, 588
0:00:00.178, 42490.646, 647
0:00:00.178, 42489.931, 566
0:00:00.180, 42490.473, 625
0:00:00.180, 42490.335, 500
0:00:00.180, 42489.916, 654
0:00:00.180, 42490.680, 703
0:00:00.180, 42490.469, 630
0:00:00.180, 42489.455, 583
0:00:00.181, 42490.588, 701
0:00:00.183, 42490.469, 505
0:00:00.183, 42489.628, 657
0:00:00.183, 42490.239, 549
0:00:00.183, 42490.147, 652
0:00:00.183, 42489.797, 527
0:00:00.183, 42490.185, 630
0:00:00.183, 42489.682, 576
0:00:00.183, 42490.204, 603
0:00:00.183, 42490.219, 483
0:00:00.184, 42489.570, 669
0:00:00.184, 42490.685, 500
0:00:00.184, 42490.219, 715
0:00:00.184, 42489.378, 576
0:00:00.184, 42490.584, 657
0:00:00.184, 42489.916, 586
0:00:00.184, 42489.509, 664
0:00:00.184, 42490.166, 522
0:00:00.184, 42489.858, 647
0:00:00.184, 42489.835, 605
0:00:00.184, 42490.281, 613
0:00:00.184, 42489.854, 527
0:00:00.185, 42490.243, 732
0:00:00.185, 42490.162, 508
0:00:00.185, 42489.474, 691
0:00:00.185, 42490.377, 518
0:00:00.190, 42489.951, 691
0:00:00.190, 42489.321, 544
0:00:00.190, 42490.335, 657
0:00:00.190, 42489.839, 508
0:00:00.190, 42489.282, 635
0:00:00.190, 42489.931, 630
0:00:00.190, 42489.493, 657
0:00:00.191, 42489.628, 569
0:00:00.191, 42489.835, 620
0:00:00.204, 42489.436, 542
0:00:00.304, 42489.801, 654
0:00:00.404, 42489.801, 601
0:00:00.504, 42489.432, 630
0:00:00.604, 42490.243, 540
0:00:00.704, 42489.643, 645
0:00:00.805, 42489.628, 486
0:00:00.904, 42490.588, 593
0:00:01.004, 42490.085, 493
0:00:01.104, 42490.604, 691
0:00:01.204, 42491.415, 518
0:00:01.304, 42490.450, 640
0:00:01.404, 42490.623, 598
0:00:01.504, 42490.665, 630
0:00:01.604, 42490.354, 498
0:00:01.704, 42490.565, 686
0:00:01.804, 42490.377, 518
0:00:01.904, 42490.239, 596
0:00:02.004, 42491.050, 542
0:00:02.104, 42490.296, 613
0:00:02.204, 42490.623, 623
0:00:02.304, 42491.353, 645
0:00:02.404, 42490.339, 474
0:00:02.504, 42490.680, 684
0:00:02.604, 42491.122, 642
0:00:02.704, 42490.281, 583
0:00:02.804, 42490.488, 466
0:00:02.904, 42490.873, 715
0:00:03.004, 42490.147, 479
0:00:03.104, 42490.892, 627
0:00:03.204, 42490.550, 720
0:00:03.304, 42490.315, 618
0:00:03.404, 42490.911, 576
0:00:03.504, 42490.166, 649
0:00:03.604, 42490.680, 667
0:00:03.704, 42491.199, 627
0:00:03.804, 42490.243, 498
0:00:03.904, 42490.911, 664
0:00:04.004, 42491.122, 525
0:00:04.104, 42490.358, 654
0:00:04.204, 42490.949, 547
0:00:04.304, 42490.988, 664
0:00:04.404, 42490.627, 498
0:00:04.504, 42490.873, 625
0:00:04.604, 42490.623, 559
0:00:04.704, 42490.512, 620
0:00:04.804, 42490.815, 540
0:00:04.904, 42490.027, 664
0:00:05.004, 42490.569, 476
0:00:05.104, 42490.700, 725
0:00:05.204, 42489.820, 547
0:00:05.305, 42490.642, 659
0:00:05.404, 42490.661, 723
0:00:05.504, 42489.609, 623
0:00:05.604, 42490.527, 491
0:00:05.704, 42490.473, 654
0:00:05.804, 42489.970, 481
0:00:05.904, 42490.588, 645
0:00:06.004, 42490.066, 625
0:00:06.104, 42490.204, 671
0:00:06.204, 42490.469, 571
0:00:06.304, 42489.935, 701
0:00:06.404, 42490.565, 571
0:00:06.504, 42490.531, 637
0:00:06.604, 42489.989, 515
0:00:06.704, 42491.103, 669
0:00:06.804, 42490.857, 615
0:00:06.904, 42490.258, 625
0:00:07.004, 42491.084, 544
0:00:07.104, 42490.723, 654
0:00:07.204, 42490.642, 662
0:00:07.304, 42490.911, 652
0:00:07.404, 42490.416, 588
0:00:07.504, 42490.661, 632
0:00:07.604, 42490.911, 745
0:00:07.704, 42490.339, 676
0:00:07.804, 42490.930, 576
0:00:07.904, 42490.565, 664
0:00:08.004, 42490.147, 525
0:00:08.104, 42491.257, 618
0:00:08.204, 42490.930, 547
0:00:08.304, 42490.492, 625
0:00:08.404, 42491.276, 552
0:00:08.504, 42491.084, 718
0:00:08.604, 42491.045, 466
0:00:08.704, 42491.526, 579
0:00:08.804, 42491.007, 503
0:00:08.904, 42491.545, 674
0:00:09.004, 42491.526, 557
0:00:09.104, 42490.973, 627
0:00:09.204, 42491.810, 559
0:00:09.304, 42491.146, 669
0:00:09.404, 42490.700, 559
0:00:09.504, 42491.583, 591
0:00:09.604, 42490.642, 452
0:00:09.704, 42490.550, 630
0:00:09.804, 42491.161, 535
0:00:09.904, 42490.392, 620
0:00:10.004, 42490.627, 471
0:00:10.104, 42490.911, 667
0:00:10.204, 42490.296, 576
0:00:10.304, 42490.550, 747
0:00:10.404, 42490.412, 654
0:00:10.504, 42490.204, 603
0:00:10.604, 42490.796, 479
0:00:10.704, 42489.854, 676
0:00:10.804, 42490.070, 530
0:00:10.904, 42490.700, 640
0:00:11.004, 42489.801, 764
0:00:11.104, 42489.974, 659
0:00:11.204, 42490.719, 640
0:00:11.304, 42489.686, 671
0:00:11.404, 42490.392, 674
0:00:11.504, 42490.392, 645
0:00:11.604, 42489.878, 493
0:00:11.704, 42490.527, 615
0:00:11.804, 42490.281, 530
0:00:11.904, 42490.104, 649
0:00:12.004, 42490.608, 510
0:00:12.104, 42489.758, 603
0:00:12.204, 42490.127, 554
0:00:12.304, 42490.738, 698
0:00:12.404, 42489.513, 498
0:00:12.504, 42490.277, 630
0:00:12.604, 42490.723, 461
0:00:12.704, 42489.951, 649
0:00:12.804, 42490.627, 479
0:00:12.904, 42490.642, 620
0:00:13.004, 42490.223, 657
0:00:13.104, 42490.853, 708
0:00:13.204, 42490.104, 554
0:00:13.304, 42490.492, 674
0:00:13.404, 42490.853, 481
0:00:13.504, 42490.200, 610
0:00:13.604, 42490.473, 488
0:00:13.704, 42490.949, 630
0:00:13.804, 42489.858, 676
0:00:13.904, 42490.796, 608
0:00:14.004, 42490.988, 496
0:00:14.104, 42490.089, 588
0:00:14.204, 42490.930, 769
0:00:14.304, 42490.680, 708
0:00:14.404, 42490.320, 579
0:00:14.504, 42490.873, 732
0:00:14.604, 42490.300, 486
0:00:14.704, 42490.469, 601
0:00:14.804, 42490.642, 574
0:00:14.904, 42490.012, 608
0:00:15.004, 42490.853, 496
0:00:15.104, 42490.454, 637
0:00:15.204, 42489.797, 447
0:00:15.304, 42491.007, 649
0:00:15.404, 42490.665, 598
0:00:15.504, 42490.315, 625
0:00:15.604, 42491.026, 457
0:00:15.704, 42490.416, 649
0:00:15.804, 42490.181, 686
0:00:15.904, 42490.608, 608
0:00:16.004, 42489.854, 510
0:00:16.104, 42490.665, 613
0:00:16.204, 42490.412, 471
0:00:16.304, 42490.012, 681
0:00:16.404, 42490.777, 642
0:00:16.504, 42490.373, 679
0:00:16.604, 42489.935, 571
0:00:16.704, 42491.026, 642
0:00:16.804, 42490.262, 562
0:00:16.904, 42490.008, 627
0:00:17.004, 42490.877, 530
0:00:17.104, 42490.431, 625
0:00:17.204, 42490.508, 601
0:00:17.304, 42490.819, 684
0:00:17.404, 42490.373, 618
0:00:17.504, 42490.949, 669
0:00:17.604, 42490.435, 571
0:00:17.704, 42490.123, 642
0:00:17.804, 42491.257, 615
0:00:17.904, 42490.416, 674
0:00:18.004, 42490.296, 562
0:00:18.104, 42491.103, 740
0:00:18.204, 42490.070, 708
0:00:18.304, 42490.277, 642
0:00:18.404, 42491.011, 535
0:00:18.504, 42490.335, 645
0:00:18.604, 42490.680, 686
0:00:18.704, 42490.781, 645
0:00:18.804, 42490.181, 493
0:00:18.904, 42490.569, 735
0:00:19.004, 42490.104, 703
0:00:19.104, 42490.223, 647
0:00:19.204, 42490.796, 579
0:00:19.304, 42490.123, 667
0:00:19.404, 42490.396, 698
0:00:19.504, 42490.911, 696
0:00:19.604, 42489.743, 486
0:00:19.704, 42490.219, 698
0:00:19.804, 42490.416, 483
0:00:19.904, 42489.701, 627
0:00:20.004, 42490.243, 562
0:00:20.104, 42490.162, 698
0:00:20.204, 42489.551, 767
0:00:20.304, 42490.392, 608
0:00:20.404, 42489.974, 557
0:00:20.504, 42490.296, 625
0:00:20.604, 42490.454, 540
0:00:20.704, 42489.743, 696
0:00:20.804, 42490.431, 713
0:00:20.904, 42490.584, 659
0:00:21.004, 42489.609, 583
0:00:21.104, 42490.300, 686
0:00:21.204, 42490.296, 508
0:00:21.304, 42489.570, 620
0:00:21.404, 42490.143, 540
0:00:21.504, 42489.878, 613
0:00:21.604, 42489.605, 654
0:00:21.704, 42490.262, 620
0:00:21.804, 42489.532, 688
0:00:21.904, 42490.027, 691
0:00:22.004, 42490.089, 559
0:00:22.104, 42489.493, 679
0:00:22.204, 42490.354, 522
0:00:22.304, 42490.127, 627
0:00:22.404, 42489.451, 571
0:00:22.504, 42490.454, 627
0:00:22.604, 42489.989, 488
0:00:22.704, 42489.513, 686
0:00:22.804, 42490.258, 469
0:00:22.903, 42490.127, 667
0:00:23.004, 42489.993, 493
0:00:23.104, 42490.431, 586
0:00:23.204, 42489.935, 559
0:00:23.304, 42490.642, 623
0:00:23.404, 42490.258, 676
0:00:23.504, 42490.127, 654
0:00:23.604, 42490.834, 579
0:00:23.704, 42490.185, 662
0:00:23.804, 42489.778, 471
0:00:23.904, 42490.588, 596
0:00:24.004, 42489.931, 618
0:00:24.104, 42489.666, 632
0:00:24.203, 42490.335, 562
0:00:24.304, 42489.609, 615
0:00:24.404, 42489.974, 674
0:00:24.504, 42490.219, 662
0:00:24.604, 42489.724, 530
0:00:24.704, 42489.858, 640
0:00:24.804, 42489.816, 615
0:00:24.904, 42489.340, 610
0:00:25.004, 42490.104, 503
0:00:25.104, 42489.532, 601
0:00:25.204, 42489.417, 654
0:00:25.304, 42490.143, 703
0:00:25.404, 42489.225, 586
0:00:25.504, 42489.590, 632
0:00:25.604, 42490.584, 530
0:00:25.704, 42490.051, 686
0:00:25.804, 42490.719, 508
0:00:25.904, 42491.026, 579
0:00:26.004, 42490.454, 569
0:00:26.104, 42491.084, 669
0:00:26.204, 42490.700, 449
0:00:26.304, 42490.646, 642
0:00:26.404, 42491.103, 542
0:00:26.504, 42490.354, 662
0:00:26.604, 42490.761, 525
0:00:26.704, 42491.218, 605
0:00:26.804, 42490.258, 498
0:00:26.904, 42490.781, 635
0:00:27.004, 42491.276, 706
0:00:27.104, 42490.315, 688
0:00:27.204, 42490.665, 530
0:00:27.304, 42490.911, 625
0:00:27.404, 42490.392, 471
0:00:27.504, 42490.834, 649
0:00:27.604, 42490.531, 696
0:00:27.704, 42490.508, 645
0:00:27.804, 42491.065, 515
0:00:27.904, 42490.262, 630
0:00:28.004, 42490.892, 718
0:00:28.104, 42490.815, 662
0:00:28.204, 42489.993, 500
0:00:28.303, 42490.834, 654
0:00:28.404, 42490.857, 637
0:00:28.504, 42489.854, 615
0:00:28.604, 42490.930, 542
0:00:28.704, 42490.896, 642
0:00:28.804, 42490.239, 596
0:00:28.904, 42490.719, 625
0:00:29.004, 42490.204, 520
0:00:29.104, 42490.315, 674
0:00:29.204, 42490.377, 532
0:00:29.304, 42490.104, 637
0:00:29.404, 42490.396, 515
0:00:29.504, 42490.469, 691
0:00:29.604, 42489.743, 486
0:00:29.704, 42490.546, 613
0:00:29.804, 42490.127, 510
0:00:29.904, 42489.513, 669
0:00:30.004, 42490.738, 537
0:00:30.104, 42490.027, 688
0:00:30.204, 42489.878, 728
0:00:30.304, 42490.488, 664
0:00:30.404, 42489.955, 701
0:00:30.504, 42490.181, 735
0:00:30.604, 42490.396, 645
0:00:30.704, 42490.027, 662
0:00:30.804, 42490.627, 535
0:00:30.903, 42490.277, 627
0:00:31.003, 42489.993, 549
0:00:31.104, 42490.661, 664
0:00:31.204, 42490.166, 540
0:00:31.304, 42489.989, 613
0:00:31.404, 42490.665, 562
0:00:31.504, 42489.854, 652
0:00:31.604, 42490.031, 496
0:00:31.704, 42490.642, 647
0:00:31.804, 42490.051, 503
0:00:31.904, 42490.450, 615
0:00:32.004, 42490.527, 500
0:00:32.104, 42490.223, 647
0:00:32.204, 42490.719, 625
0:00:32.304, 42490.262, 623
0:00:32.404, 42490.335, 513
0:00:32.504, 42491.161, 667
0:00:32.604, 42490.435, 486
0:00:32.704, 42490.373, 647
0:00:32.804, 42491.007, 662
0:00:32.904, 42489.993, 562
0:00:33.004, 42490.277, 464
0:00:33.104, 42490.857, 615
0:00:33.204, 42489.835, 537
0:00:33.304, 42490.377, 679
0:00:33.404, 42490.431, 449
0:00:33.504, 42490.070, 635
0:00:33.604, 42490.335, 698
0:00:33.704, 42490.204, 581
0:00:33.804, 42490.258, 449
0:00:33.904, 42490.834, 674
0:00:34.004, 42490.012, 474
0:00:34.104, 42490.412, 698
0:00:34.204, 42491.030, 618
0:00:34.304, 42489.816, 581
0:00:34.404, 42490.685, 562
0:00:34.504, 42490.815, 659
0:00:34.604, 42489.989, 503
0:00:34.704, 42490.704, 627
0:00:34.804, 42490.892, 642
0:00:34.904, 42490.243, 742
0:00:35.004, 42490.757, 688
0:00:35.104, 42490.373, 676
0:00:35.204, 42490.454, 566
0:00:35.304, 42490.738, 632
0:00:35.404, 42490.070, 674
0:00:35.504, 42490.527, 657
0:00:35.604, 42490.623, 547
0:00:35.704, 42489.762, 708
0:00:35.803, 42490.546, 535
0:00:35.904, 42490.781, 618
0:00:36.004, 42489.970, 576
0:00:36.104, 42490.853, 664
0:00:36.204, 42490.588, 520
0:00:36.304, 42490.392, 649
0:00:36.404, 42490.949, 566
0:00:36.504, 42490.550, 725
0:00:36.604, 42490.604, 686
0:00:36.704, 42490.949, 625
0:00:36.804, 42490.204, 562
0:00:36.904, 42490.969, 669
0:00:37.004, 42490.988, 449
0:00:37.104, 42490.262, 664
0:00:37.204, 42491.122, 483
0:00:37.304, 42490.853, 679
0:00:37.403, 42490.204, 557
0:00:37.504, 42490.988, 659
0:00:37.604, 42490.892, 510
0:00:37.704, 42490.377, 684
0:00:37.804, 42491.045, 586
0:00:37.904, 42490.527, 620
0:00:38.004, 42490.588, 496
0:00:38.104, 42490.757, 676
0:00:38.204, 42490.412, 540
0:00:38.304, 42491.030, 723
0:00:38.403, 42490.873, 540
0:00:38.504, 42490.277, 640
0:00:38.604, 42491.449, 496
0:00:38.704, 42490.761, 623
0:00:38.803, 42490.431, 542
0:00:38.903, 42491.391, 640
0:00:39.003, 42490.738, 535
0:00:39.103, 42490.608, 635
0:00:39.203, 42491.353, 649
0:00:39.304, 42490.757, 603
0:00:39.404, 42490.781, 693
0:00:39.504, 42491.295, 674
0:00:39.604, 42490.661, 581
0:00:39.704, 42491.334, 647
0:00:39.804, 42490.930, 581
0:00:39.904, 42490.608, 625
0:00:40.004, 42491.526, 557
0:00:40.104, 42490.642, 723
0:00:40.203, 42490.815, 713
0:00:40.304, 42491.795, 637
0:00:40.404, 42490.569, 537
0:00:40.504, 42490.738, 649
0:00:40.604, 42491.507, 713
0:00:40.704, 42490.757, 708
0:00:40.804, 42491.161, 620
0:00:40.904, 42491.353, 598
0:00:41.004, 42490.685, 537
0:00:41.103, 42491.180, 544
0:00:41.204, 42490.815, 620
0:00:41.303, 42490.646, 610
0:00:41.404, 42491.507, 479
0:00:41.504, 42490.584, 701
0:00:41.604, 42491.026, 537
0:00:41.704, 42491.468, 750
0:00:41.804, 42490.320, 588
0:00:41.904, 42490.757, 664
0:00:42.003, 42491.045, 574
0:00:42.103, 42490.262, 676
0:00:42.203, 42490.508, 576
0:00:42.303, 42490.584, 593
0:00:42.403, 42489.974, 540
0:00:42.504, 42490.412, 576
0:00:42.603, 42490.051, 471
0:00:42.704, 42490.239, 681
0:00:42.804, 42490.665, 593
0:00:42.904, 42490.027, 679
0:00:43.004, 42490.396, 535
0:00:43.104, 42490.853, 618
0:00:43.204, 42489.762, 593
0:00:43.304, 42490.738, 664
0:00:43.404, 42490.949, 432
0:00:43.504, 42490.108, 610
0:00:43.603, 42490.873, 464
0:00:43.704, 42490.873, 679
0:00:43.804, 42490.339, 532
0:00:43.904, 42491.065, 569
0:00:44.004, 42490.680, 464
0:00:44.104, 42490.704, 627
0:00:44.204, 42491.065, 603
0:00:44.304, 42490.335, 598
0:00:44.403, 42490.857, 515
0:00:44.504, 42490.604, 613
0:00:44.604, 42489.893, 466
0:00:44.704, 42490.454, 691
0:00:44.804, 42490.527, 583
0:00:44.903, 42489.724, 649
0:00:45.004, 42490.757, 762
0:00:45.104, 42490.454, 686
0:00:45.204, 42489.835, 596
0:00:45.304, 42490.742, 649
0:00:45.404, 42490.412, 481
0:00:45.504, 42490.412, 671
0:00:45.604, 42490.704, 625
0:00:45.704, 42490.392, 652
0:00:45.804, 42491.045, 645
0:00:45.904, 42491.107, 693
0:00:46.004, 42490.584, 500
0:00:46.103, 42491.334, 669
0:00:46.203, 42491.257, 471
0:00:46.304, 42490.608, 671
0:00:46.404, 42491.430, 623
0:00:46.504, 42491.007, 645
0:00:46.604, 42490.546, 452
0:00:46.704, 42491.257, 627
0:00:46.804, 42490.685, 540
0:00:46.903, 42490.757, 593
0:00:47.004, 42490.796, 483
0:00:47.104, 42490.531, 684
0:00:47.204, 42490.969, 681
0:00:47.303, 42490.469, 693
0:00:47.404, 42490.204, 601
0:00:47.503, 42490.930, 720
0:00:47.604, 42490.680, 471
0:00:47.704, 42490.512, 610
0:00:47.804, 42491.295, 632
0:00:47.904, 42490.508, 627
0:00:48.004, 42490.435, 503
0:00:48.104, 42491.122, 603
0:00:48.204, 42490.642, 662
0:00:48.303, 42490.930, 679
0:00:48.403, 42491.353, 583
0:00:48.503, 42490.665, 627
0:00:48.603, 42491.410, 684
0:00:48.703, 42491.122, 735
0:00:48.803, 42490.930, 574
0:00:48.904, 42491.910, 664
0:00:49.003, 42491.161, 498
0:00:49.103, 42491.699, 657
0:00:49.204, 42492.198, 701
0:00:49.304, 42491.622, 598
0:00:49.404, 42491.929, 706
0:00:49.503, 42492.621, 671
0:00:49.604, 42491.983, 569
0:00:49.703, 42492.371, 620
0:00:49.804, 42492.506, 540
0:00:49.904, 42492.121, 637
0:00:50.003, 42492.713, 588
0:00:50.103, 42492.294, 593
0:00:50.203, 42492.602, 569
0:00:50.303, 42492.809, 625
0:00:50.403, 42492.275, 542
0:00:50.504, 42492.698, 667
0:00:50.603, 42493.097, 474
0:00:50.703, 42491.968, 630
0:00:50.803, 42492.890, 725
0:00:50.903, 42492.828, 649
0:00:51.003, 42492.141, 503
0:00:51.103, 42492.640, 630
0:00:51.204, 42492.482, 583
0:00:51.303, 42491.968, 605
0:00:51.403, 42492.602, 466
0:00:51.503, 42492.179, 649
0:00:51.603, 42492.256, 615
0:00:51.703, 42492.444, 681
0:00:51.803, 42491.430, 576
0:00:51.904, 42491.203, 625
0:00:52.004, 42491.353, 535
0:00:52.103, 42490.527, 635
0:00:52.203, 42491.353, 552
0:00:52.303, 42491.276, 601
0:00:52.404, 42490.492, 623
0:00:52.503, 42491.276, 667
0:00:52.603, 42490.988, 466
0:00:52.703, 42490.738, 649
0:00:52.803, 42491.430, 457
0:00:52.903, 42490.646, 625
0:00:53.003, 42491.065, 583
0:00:53.103, 42491.161, 562
0:00:53.203, 42490.565, 530
0:00:53.304, 42491.376, 632
0:00:53.403, 42490.949, 640
0:00:53.503, 42490.335, 615
0:00:53.603, 42491.353, 630
0:00:53.704, 42491.026, 662
0:00:53.803, 42490.147, 679
0:00:53.903, 42491.257, 684
0:00:54.003, 42490.815, 605
0:00:54.103, 42490.473, 598
0:00:54.203, 42491.353, 486
0:00:54.303, 42490.565, 703
0:00:54.403, 42490.915, 596
0:00:54.503, 42490.642, 662
0:00:54.604, 42490.335, 503
0:00:54.703, 42491.107, 620
0:00:54.803, 42490.412, 679
0:00:54.903, 42490.335, 620
0:00:55.003, 42491.276, 583
0:00:55.103, 42490.569, 608
0:00:55.203, 42490.738, 713
0:00:55.303, 42491.622, 679
0:00:55.403, 42490.685, 498
0:00:55.503, 42490.930, 691
0:00:55.603, 42491.065, 457
0:00:55.703, 42490.431, 657
0:00:55.803, 42490.588, 544
0:00:55.903, 42490.469, 667
0:00:56.004, 42489.935, 588
0:00:56.103, 42490.412, 728
0:00:56.203, 42489.609, 483
0:00:56.303, 42489.551, 667
0:00:56.403, 42490.239, 464
0:00:56.503, 42489.321, 630
0:00:56.604, 42489.513, 593
0:00:56.704, 42490.027, 730
0:00:56.804, 42489.071, 476
0:00:56.904, 42489.321, 645
0:00:57.004, 42490.930, 454
0:00:57.104, 42488.821, 647
0:00:57.204, 42490.412, 493
0:00:57.303, 42490.012, 698
0:00:57.403, 42489.436, 544
0:00:57.503, 42489.835, 623
0:00:57.603, 42488.975, 554
0:00:57.703, 42489.532, 596
0:00:57.803, 42489.359, 703
0:00:57.903, 42488.341, 667
0:00:58.003, 42488.399, 598
0:00:58.103, 42488.552, 640
0:00:58.203, 42487.788, 667
0:00:58.303, 42488.168, 618
0:00:58.403, 42488.418, 532
0:00:58.504, 42487.803, 601
0:00:58.604, 42488.302, 515
0:00:58.703, 42487.980, 615
0:00:58.803, 42487.976, 513
0:00:58.903, 42488.187, 676
0:00:59.003, 42487.711, 544
0:00:59.103, 42488.952, 630
0:00:59.203, 42488.879, 657
0:00:59.303, 42488.306, 659
0:00:59.403, 42488.936, 586
0:00:59.503, 42489.125, 708
0:00:59.603, 42488.249, 452
0:00:59.704, 42489.317, 703
0:00:59.803, 42489.032, 503
0:00:59.903, 42488.514, 630
0:01:00.003, 42489.186, 535
0:01:00.103, 42489.148, 627
0:01:00.203, 42488.610, 476
0:01:00.303, 42488.706, 593
0:01:00.403, 42488.725, 464
0:01:00.503, 42488.437, 662
0:01:00.603, 42488.821, 469
0:01:00.703, 42488.187, 723
0:01:00.803, 42489.225, 598
0:01:00.903, 42488.840, 603
0:01:01.003, 42488.802, 498
0:01:01.103, 42489.801, 649
0:01:01.203, 42488.936, 530
0:01:01.303, 42488.783, 679
0:01:01.403, 42489.701, 505
0:01:01.503, 42489.013, 591
0:01:01.603, 42489.244, 532
0:01:01.703, 42489.724, 632
0:01:01.803, 42489.013, 684
0:01:01.904, 42489.682, 640
0:01:02.003, 42489.397, 679
0:01:02.103, 42488.763, 635
0:01:02.203, 42489.762, 598
0:01:02.303, 42488.975, 657
0:01:02.403, 42488.879, 505
0:01:02.503, 42490.277, 691
0:01:02.603, 42488.783, 549
0:01:02.703, 42488.994, 571
0:01:02.803, 42489.474, 474
0:01:02.903, 42488.840, 715
0:01:03.003, 42489.109, 527
0:01:03.103, 42489.013, 623
0:01:03.204, 42488.571, 530
0:01:03.303, 42489.321, 640
0:01:03.403, 42488.591, 652
0:01:03.503, 42488.725, 679
0:01:03.603, 42489.489, 503
0:01:03.703, 42488.802, 659
0:01:03.803, 42488.936, 608
0:01:03.903, 42489.628, 652
0:01:04.003, 42488.917, 596
0:01:04.103, 42488.898, 713
0:01:04.203, 42489.762, 642
0:01:04.303, 42488.894, 605
0:01:04.403, 42489.282, 483
0:01:04.503, 42489.301, 591
0:01:04.604, 42489.013, 459
0:01:04.703, 42489.321, 637
0:01:04.803, 42488.802, 488
0:01:04.903, 42488.936, 701
0:01:05.003, 42489.359, 522
0:01:05.103, 42488.533, 652
0:01:05.203, 42489.263, 476
0:01:05.303, 42489.854, 625
0:01:05.403, 42488.533, 693
0:01:05.503, 42489.493, 671
0:01:05.603, 42489.609, 588
0:01:05.703, 42488.917, 664
0:01:05.803, 42489.605, 601
0:01:05.903, 42489.590, 591
0:01:06.003, 42489.282, 535
0:01:06.103, 42490.047, 671
0:01:06.203, 42489.551, 491
0:01:06.303, 42489.935, 608
0:01:06.403, 42490.104, 447
0:01:06.503, 42489.244, 586
0:01:06.603, 42490.204, 535
0:01:06.703, 42490.219, 618
0:01:06.803, 42489.148, 486
0:01:06.903, 42490.066, 630
0:01:07.003, 42489.993, 559
0:01:07.103, 42489.378, 698
0:01:07.203, 42490.162, 444
0:01:07.303, 42489.743, 615
0:01:07.403, 42489.513, 486
0:01:07.503, 42489.931, 664
0:01:07.603, 42489.609, 586
0:01:07.703, 42489.858, 664
0:01:07.803, 42489.912, 505
0:01:07.903, 42489.301, 635
0:01:08.003, 42490.166, 647
0:01:08.103, 42489.854, 647
0:01:08.203, 42489.397, 557
0:01:08.303, 42490.162, 627
0:01:08.403, 42490.051, 498
0:01:08.503, 42489.301, 676
0:01:08.604, 42489.970, 522
0:01:08.704, 42489.647, 632
0:01:08.803, 42489.263, 557
0:01:08.903, 42489.743, 637
0:01:09.003, 42489.451, 518
0:01:09.104, 42489.801, 649
0:01:09.203, 42489.782, 513
0:01:09.303, 42489.393, 623
0:01:09.403, 42490.223, 540
0:01:09.503, 42489.739, 603
0:01:09.603, 42489.282, 488
0:01:09.703, 42490.281, 623
0:01:09.803, 42489.739, 598
0:01:09.903, 42489.205, 601
0:01:10.003, 42490.320, 732
0:01:10.103, 42489.609, 681
0:01:10.203, 42489.509, 518
0:01:10.303, 42490.147, 659
0:01:10.403, 42489.417, 471
0:01:10.503, 42489.912, 642
0:01:10.603, 42489.782, 510
0:01:10.703, 42489.393, 620
0:01:10.803, 42490.185, 459
0:01:10.903, 42489.436, 647
0:01:11.003, 42489.417, 471
0:01:11.104, 42490.143, 591
0:01:11.203, 42489.340, 522
0:01:11.303, 42489.301, 679
0:01:11.403, 42490.143, 547
0:01:11.503, 42489.532, 679
0:01:11.603, 42489.897, 593
0:01:11.703, 42490.296, 706
0:01:11.803, 42489.551, 674
0:01:11.903, 42490.085, 610
0:01:12.003, 42489.762, 588
0:01:12.104, 42489.570, 696
0:01:12.203, 42490.239, 552
0:01:12.304, 42489.628, 659
0:01:12.403, 42489.686, 579
0:01:12.503, 42490.642, 671
0:01:12.604, 42489.782, 481
0:01:12.704, 42489.989, 630
0:01:12.803, 42490.584, 527
0:01:12.903, 42489.551, 691
0:01:13.003, 42489.801, 598
0:01:13.103, 42490.239, 579
0:01:13.203, 42489.666, 574
0:01:13.303, 42490.162, 620
0:01:13.403, 42489.974, 469
0:01:13.503, 42489.878, 657
0:01:13.603, 42490.392, 574
0:01:13.703, 42489.570, 649
0:01:13.803, 42490.027, 503
0:01:13.903, 42490.320, 718
0:01:14.003, 42489.282, 605
0:01:14.103, 42489.951, 706
0:01:14.203, 42490.512, 549
0:01:14.303, 42489.201, 664
0:01:14.403, 42490.031, 488
0:01:14.503, 42490.373, 586
0:01:14.603, 42489.513, 674
0:01:14.703, 42490.031, 630
0:01:14.803, 42489.912, 500
0:01:14.903, 42489.839, 686
0:01:15.003, 42490.070, 640
0:01:15.103, 42489.451, 725
0:01:15.203, 42489.916, 483
0:01:15.303, 42489.931, 601
0:01:15.403, 42489.225, 525
0:01:15.503, 42490.166, 649
0:01:15.603, 42490.047, 554
0:01:15.703, 42489.321, 735
0:01:15.803, 42490.166, 537
0:01:15.903, 42489.893, 659
0:01:16.003, 42489.513, 474
0:01:16.103, 42490.431, 615
0:01:16.203, 42489.974, 513
0:01:16.303, 42489.974, 696
0:01:16.403, 42490.258, 574
0:01:16.503, 42489.609, 618
0:01:16.603, 42490.392, 471
0:01:16.704, 42490.262, 657
0:01:16.803, 42489.643, 569
0:01:16.904, 42490.454, 620
0:01:17.004, 42490.219, 486
0:01:17.103, 42489.647, 635
0:01:17.203, 42490.873, 447
0:01:17.303, 42490.089, 635
0:01:17.403, 42489.720, 476
0:01:17.503, 42490.185, 654
0:01:17.603, 42489.686, 474
0:01:17.703, 42489.912, 591
0:01:17.803, 42490.070, 527
0:01:17.903, 42489.451, 662
0:01:18.003, 42490.358, 574
0:01:18.103, 42489.858, 659
0:01:18.203, 42489.297, 493
0:01:18.304, 42490.685, 623
0:01:18.403, 42489.893, 469
0:01:18.503, 42490.012, 684
0:01:18.603, 42491.007, 667
0:01:18.704, 42490.300, 618
0:01:18.803, 42490.296, 515
0:01:18.903, 42490.969, 557
0:01:19.003, 42490.320, 522
0:01:19.103, 42490.700, 605
0:01:19.203, 42490.508, 515
0:01:19.303, 42490.108, 654
0:01:19.403, 42490.392, 581
0:01:19.503, 42489.839, 630
0:01:19.603, 42489.801, 637
0:01:19.703, 42490.104, 688
0:01:19.803, 42488.821, 557
0:01:19.903, 42488.898, 659
0:01:20.003, 42489.551, 562
0:01:20.103, 42488.571, 720
0:01:20.203, 42489.090, 459
0:01:20.303, 42489.397, 618
0:01:20.403, 42488.648, 676
0:01:20.503, 42489.182, 659
0:01:20.603, 42489.263, 564
0:01:20.703, 42488.840, 615
0:01:20.803, 42489.513, 586
0:01:20.903, 42488.994, 591
0:01:21.003, 42489.032, 488
0:01:21.103, 42489.455, 645
0:01:21.203, 42488.725, 461
0:01:21.303, 42489.067, 642
0:01:21.403, 42489.455, 442
0:01:21.503, 42488.475, 686
0:01:21.603, 42489.225, 459
0:01:21.703, 42489.378, 645
0:01:21.804, 42488.591, 498
0:01:21.903, 42489.378, 618
0:01:22.003, 42489.032, 586
0:01:22.103, 42488.994, 608
0:01:22.203, 42489.451, 530
0:01:22.303, 42488.802, 710
0:01:22.404, 42489.397, 486
0:01:22.503, 42489.417, 701
0:01:22.603, 42488.571, 520
0:01:22.703, 42489.301, 667
0:01:22.803, 42489.340, 505
0:01:22.903, 42488.706, 674
0:01:23.003, 42489.489, 562
0:01:23.103, 42489.340, 703
0:01:23.203, 42488.975, 522
0:01:23.303, 42489.455, 693
0:01:23.403, 42489.013, 483
0:01:23.503, 42489.167, 596
0:01:23.603, 42489.393, 591
0:01:23.703, 42488.763, 642
0:01:23.803, 42489.455, 498
0:01:23.903, 42489.474, 676
0:01:24.003, 42488.706, 520
0:01:24.103, 42489.820, 669
0:01:24.203, 42489.509, 623
0:01:24.303, 42488.975, 647
0:01:24.403, 42489.993, 486
0:01:24.504, 42489.321, 596
0:01:24.603, 42489.182, 493
0:01:24.704, 42489.647, 623
0:01:24.804, 42488.879, 618
0:01:24.904, 42488.936, 681
0:01:25.003, 42488.994, 498
0:01:25.104, 42488.475, 603
0:01:25.204, 42489.013, 522
0:01:25.303, 42488.667, 637
0:01:25.403, 42488.591, 571
0:01:25.503, 42489.551, 627
0:01:25.604, 42489.109, 515
0:01:25.703, 42489.547, 623
0:01:25.803, 42490.435, 481
0:01:25.903, 42489.797, 603
0:01:26.003, 42490.204, 505
0:01:26.103, 42490.661, 652
0:01:26.203, 42490.051, 562
0:01:26.303, 42490.508, 693
0:01:26.403, 42490.320, 469
0:01:26.503, 42489.797, 598
0:01:26.604, 42490.320, 598
0:01:26.703, 42489.624, 618
0:01:26.803, 42489.935, 601
0:01:26.903, 42490.339, 684
0:01:27.003, 42488.760, 554
0:01:27.103, 42489.705, 698
0:01:27.203, 42490.281, 566
0:01:27.304, 42489.336, 603
0:01:27.403, 42490.166, 652
0:01:27.503, 42490.700, 715
0:01:27.603, 42490.704, 540
0:01:27.703, 42490.988, 652
0:01:27.804, 42490.853, 579
0:01:27.903, 42490.700, 647
0:01:28.003, 42490.934, 613
0:01:28.103, 42490.200, 632
0:01:28.203, 42490.300, 491
0:01:28.303, 42490.508, 610
0:01:28.403, 42489.647, 698
0:01:28.505, 42490.508, 627
0:01:28.603, 42490.834, 508
0:01:28.704, 42489.993, 647
0:01:28.804, 42491.026, 496
0:01:28.903, 42491.660, 610
0:01:29.003, 42490.777, 483
0:01:29.103, 42491.987, 654
0:01:29.203, 42491.238, 706
0:01:29.303, 42491.679, 608
0:01:29.403, 42491.756, 505
0:01:29.503, 42491.449, 708
0:01:29.603, 42492.006, 544
0:01:29.703, 42492.044, 747
0:01:29.803, 42491.161, 447
0:01:29.903, 42492.525, 627
0:01:30.003, 42492.044, 540
0:01:30.103, 42491.257, 693
0:01:30.203, 42492.371, 491
0:01:30.303, 42491.660, 613
0:01:30.403, 42491.545, 659
0:01:30.503, 42491.872, 552
0:01:30.604, 42491.449, 583
0:01:30.703, 42491.372, 640
0:01:30.803, 42491.583, 632
0:01:30.903, 42491.122, 637
0:01:31.003, 42491.660, 510
0:01:31.103, 42491.257, 750
0:01:31.203, 42490.834, 706
0:01:31.303, 42491.737, 652
0:01:31.403, 42490.954, 613
0:01:31.503, 42490.719, 669
0:01:31.603, 42491.410, 593
0:01:31.703, 42490.777, 662
0:01:31.803, 42490.853, 671
0:01:31.903, 42491.453, 676
0:01:32.003, 42490.738, 491
0:01:32.103, 42491.430, 654
0:01:32.203, 42491.026, 505
0:01:32.303, 42491.084, 608
0:01:32.403, 42491.314, 742
0:01:32.503, 42490.435, 635
0:01:32.603, 42489.989, 520
0:01:32.710, 42491.583, 586
0:01:32.803, 42490.723, 544
0:01:32.903, 42491.833, 571
0:01:33.003, 42491.545, 537
0:01:33.103, 42490.949, 637
0:01:33.203, 42491.103, 557
0:01:33.303, 42491.103, 647
0:01:33.403, 42490.550, 627
0:01:33.503, 42491.007, 579
0:01:33.604, 42490.930, 547
0:01:33.704, 42491.142, 603
0:01:33.803, 42491.218, 447
0:01:33.903, 42490.454, 620
0:01:34.003, 42491.007, 696
0:01:34.103, 42491.449, 708
0:01:34.203, 42490.777, 500
0:01:34.303, 42490.973, 591
0:01:34.403, 42491.372, 486
0:01:34.503, 42490.392, 723
0:01:34.603, 42491.295, 637
0:01:34.703, 42491.218, 605
0:01:34.804, 42490.569, 610
0:01:34.903, 42491.295, 681
0:01:35.003, 42491.065, 652
0:01:35.103, 42491.007, 654
0:01:35.203, 42490.877, 662
0:01:35.303, 42490.450, 725
0:01:35.403, 42491.045, 486
0:01:35.503, 42491.353, 605
0:01:35.603, 42490.492, 479
0:01:35.703, 42491.199, 652
0:01:35.803, 42491.238, 515
0:01:35.903, 42490.488, 603
0:01:36.003, 42491.641, 601
0:01:36.103, 42491.261, 625
0:01:36.203, 42490.661, 527
0:01:36.303, 42491.564, 635
0:01:36.403, 42491.142, 522
0:01:36.503, 42491.276, 703
0:01:36.605, 42491.391, 554
0:01:36.703, 42491.007, 640
0:01:36.803, 42491.430, 615
0:01:36.903, 42491.280, 645
0:01:37.003, 42490.892, 659
0:01:37.103, 42491.545, 630
0:01:37.203, 42491.122, 710
0:01:37.303, 42490.623, 681
0:01:37.403, 42491.756, 530
0:01:37.503, 42491.146, 669
0:01:37.603, 42490.969, 649
0:01:37.703, 42491.487, 613
0:01:37.803, 42491.372, 542
0:01:37.903, 42491.468, 623
0:01:38.003, 42491.468, 620
0:01:38.103, 42490.911, 618
0:01:38.203, 42491.545, 630
0:01:38.303, 42491.314, 640
0:01:38.403, 42490.742, 715
0:01:38.503, 42491.737, 596
0:01:38.603, 42491.007, 518
0:01:38.703, 42490.911, 586
0:01:38.804, 42491.948, 476
0:01:38.903, 42491.238, 618
0:01:39.003, 42491.238, 518
0:01:39.103, 42491.968, 701
0:01:39.203, 42491.314, 496
0:01:39.303, 42491.545, 642
0:01:39.403, 42491.718, 479
0:01:39.503, 42491.603, 645
0:01:39.603, 42491.910, 649
0:01:39.703, 42491.583, 654
0:01:39.803, 42491.564, 583
0:01:39.903, 42492.179, 691
0:01:40.003, 42491.526, 510
0:01:40.103, 42491.660, 649
0:01:40.203, 42492.429, 549
0:01:40.303, 42491.430, 679
0:01:40.403, 42491.660, 498
0:01:40.503, 42492.198, 637
0:01:40.603, 42491.468, 662
0:01:40.704, 42491.852, 625
0:01:40.803, 42492.405, 510
0:01:40.903, 42492.006, 688
0:01:41.003, 42492.544, 562
0:01:41.103, 42492.313, 723
0:01:41.203, 42492.252, 459
0:01:41.303, 42492.986, 701
0:01:41.403, 42491.872, 498
0:01:41.503, 42492.506, 684
0:01:41.603, 42492.751, 737
0:01:41.703, 42492.044, 652
0:01:41.803, 42492.371, 574
0:01:41.903, 42492.713, 649
0:01:42.003, 42491.526, 706
0:01:42.103, 42492.141, 662
0:01:42.203, 42491.718, 569
0:01:42.303, 42491.353, 691
0:01:42.403, 42491.852, 461
0:01:42.503, 42491.199, 740
0:01:42.603, 42491.487, 491
0:01:42.703, 42491.737, 684
0:01:42.803, 42491.011, 564
0:01:42.904, 42491.603, 708
0:01:43.003, 42491.733, 554
0:01:43.103, 42490.877, 720
0:01:43.203, 42491.507, 500
0:01:43.303, 42491.545, 615
0:01:43.403, 42490.853, 745
0:01:43.503, 42491.737, 713
0:01:43.603, 42491.564, 586
0:01:43.703, 42491.045, 715
0:01:43.804, 42491.603, 464
0:01:43.903, 42491.084, 681
0:01:44.003, 42491.468, 544
0:01:44.103, 42491.468, 676
0:01:44.203, 42490.973, 569
0:01:44.303, 42491.737, 645
0:01:44.403, 42491.545, 583
0:01:44.503, 42490.757, 757
0:01:44.608, 42491.814, 508
0:01:44.703, 42491.641, 764
0:01:44.804, 42490.565, 601
0:01:44.903, 42491.756, 764
0:01:45.003, 42491.238, 640
0:01:45.103, 42490.761, 676
0:01:45.203, 42491.487, 723
0:01:45.303, 42491.007, 630
0:01:45.403, 42491.314, 520
0:01:45.503, 42491.507, 649
0:01:45.603, 42491.103, 593
0:01:45.703, 42491.622, 740
0:01:45.803, 42491.184, 710
0:01:45.903, 42490.757, 657
0:01:46.003, 42491.583, 588
0:01:46.103, 42490.796, 688
0:01:46.203, 42490.623, 549
0:01:46.303, 42491.660, 659
0:01:46.403, 42490.954, 598
0:01:46.503, 42490.815, 579
0:01:46.603, 42491.468, 566
0:01:46.703, 42490.757, 691
0:01:46.804, 42490.492, 493
0:01:46.903, 42491.007, 615
0:01:47.003, 42490.949, 537
0:01:47.104, 42491.218, 674
0:01:47.203, 42491.238, 557
0:01:47.303, 42490.877, 674
0:01:47.403, 42492.044, 593
0:01:47.503, 42491.372, 708
0:01:47.603, 42491.238, 574
0:01:47.703, 42491.910, 625
0:01:47.803, 42491.122, 698
0:01:47.903, 42491.161, 667
0:01:48.003, 42491.948, 483
0:01:48.103, 42491.314, 657
0:01:48.203, 42491.372, 493
0:01:48.303, 42491.545, 669
0:01:48.403, 42490.873, 464
0:01:48.503, 42491.203, 686
0:01:48.603, 42490.930, 542
0:01:48.703, 42490.546, 645
0:01:48.803, 42491.257, 439
0:01:48.903, 42490.742, 706
0:01:49.003, 42490.412, 620
0:01:49.103, 42491.372, 691
0:01:49.203, 42489.955, 537
0:01:49.303, 42490.335, 598
0:01:49.403, 42490.988, 586
0:01:49.503, 42489.974, 632
0:01:49.603, 42490.488, 525
0:01:49.703, 42490.435, 684
0:01:49.804, 42490.008, 461
0:01:49.903, 42489.628, 618
0:01:50.003, 42490.354, 491
0:01:50.104, 42491.564, 701
0:01:50.203, 42492.256, 708
0:01:50.303, 42491.391, 625
0:01:50.403, 42491.199, 542
0:01:50.503, 42491.603, 696
0:01:50.603, 42490.761, 554
0:01:50.703, 42491.065, 713
0:01:50.803, 42491.468, 679
0:01:50.903, 42490.051, 591
0:01:51.003, 42490.584, 564
0:01:51.103, 42491.257, 625
0:01:51.203, 42490.604, 498
0:01:51.303, 42491.718, 632
0:01:51.403, 42491.891, 608
0:01:51.503, 42491.295, 593
0:01:51.603, 42491.737, 540
0:01:51.703, 42491.353, 720
0:01:51.803, 42491.126, 542
0:01:51.903, 42491.641, 637
0:01:52.003, 42490.642, 745
0:01:52.103, 42491.468, 728
0:01:52.203, 42491.430, 593
0:01:52.303, 42490.396, 647
0:01:52.403, 42490.796, 576
0:01:52.503, 42491.103, 669
0:01:52.603, 42490.127, 515
0:01:52.703, 42490.623, 625
0:01:52.803, 42490.584, 540
0:01:52.903, 42489.609, 593
0:01:53.003, 42490.469, 569
0:01:53.103, 42489.974, 649
0:01:53.204, 42489.839, 461
0:01:53.303, 42490.162, 623
0:01:53.403, 42489.321, 457
0:01:53.503, 42489.835, 696
0:01:53.603, 42489.858, 483
0:01:53.703, 42488.879, 620
0:01:53.803, 42489.858, 513
0:01:53.903, 42489.989, 625
0:01:54.003, 42489.340, 562
0:01:54.103, 42490.243, 696
0:01:54.203, 42489.893, 608
0:01:54.303, 42489.244, 591
0:01:54.403, 42489.820, 515
0:01:54.503, 42489.413, 635
0:01:54.603, 42489.225, 574
0:01:54.703, 42489.513, 642
0:01:54.803, 42489.071, 679
0:01:54.903, 42489.720, 635
0:01:55.003, 42489.609, 657
0:01:55.103, 42489.609, 684
0:01:55.203, 42490.181, 486
0:01:55.303, 42490.127, 701
0:01:55.403, 42489.359, 496
0:01:55.503, 42490.277, 669
0:01:55.603, 42490.185, 537
0:01:55.703, 42489.451, 618
0:01:55.803, 42490.608, 581
0:01:55.903, 42490.008, 615
0:01:56.003, 42489.590, 496
0:01:56.103, 42490.373, 564
0:01:56.203, 42490.070, 603
0:01:56.303, 42490.508, 679
0:01:56.403, 42490.704, 486
0:01:56.503, 42490.258, 703
0:01:56.603, 42490.819, 596
0:01:56.703, 42490.584, 627
0:01:56.805, 42490.277, 645
0:01:56.903, 42490.973, 615
0:01:57.003, 42490.642, 735
0:01:57.103, 42490.047, 703
0:01:57.203, 42491.107, 503
0:01:57.303, 42490.527, 593
0:01:57.403, 42490.166, 686
0:01:57.503, 42490.738, 615
0:01:57.603, 42490.392, 635
0:01:57.703, 42490.685, 586
0:01:57.803, 42490.853, 469
0:01:57.903, 42490.431, 627
0:01:58.003, 42490.704, 483
0:01:58.103, 42490.642, 645
0:01:58.203, 42490.219, 471
0:01:58.304, 42490.992, 679
0:01:58.403, 42490.604, 542
0:01:58.503, 42489.878, 625
0:01:58.603, 42490.796, 562
0:01:58.703, 42490.354, 698
0:01:58.803, 42489.916, 508
0:01:58.903, 42490.853, 754
0:01:59.003, 42490.377, 627
0:01:59.103, 42490.565, 635
0:01:59.203, 42490.661, 669
0:01:59.303, 42490.358, 613
0:01:59.403, 42490.661, 645
0:01:59.503, 42490.358, 718
0:01:59.603, 42490.123, 454
0:01:59.703, 42490.892, 610
0:01:59.803, 42490.454, 535
0:01:59.903, 42490.047, 720
0:02:00.003, 42491.334, 503
0:02:00.103, 42490.300, 715
0:02:00.203, 42490.296, 549
0:02:00.304, 42491.088, 627
0:02:00.403, 42490.277, 747
0:02:00.504, 42490.546, 669
0:02:00.604, 42491.276, 471
0:02:00.703, 42490.588, 627
0:02:00.803, 42490.834, 698
0:02:00.903, 42490.815, 667
0:02:01.003, 42490.646, 708
0:02:01.103, 42491.045, 640
0:02:01.203, 42490.796, 562
0:02:01.303, 42490.473, 615
0:02:01.403, 42491.238, 461
0:02:01.503, 42490.162, 618
0:02:01.603, 42490.665, 493
0:02:01.703, 42491.353, 649
0:02:01.803, 42490.508, 483
0:02:01.903, 42490.719, 574
0:02:02.004, 42490.973, 637
0:02:02.103, 42490.162, 637
0:02:02.203, 42490.892, 579
0:02:02.303, 42490.973, 674
0:02:02.404, 42490.315, 527
0:02:02.503, 42490.873, 601
0:02:02.603, 42490.339, 647
0:02:02.703, 42490.123, 701
0:02:02.803, 42490.646, 525
0:02:02.903, 42490.027, 632
0:02:03.003, 42490.588, 471
0:02:03.103, 42490.930, 708
0:02:03.203, 42489.666, 481
0:02:03.303, 42490.277, 686
0:02:03.403, 42490.700, 457
0:02:03.503, 42489.839, 715
0:02:03.603, 42490.373, 488
0:02:03.703, 42490.665, 674
0:02:03.803, 42490.181, 452
0:02:03.903, 42490.569, 637
0:02:04.003, 42490.431, 471
0:02:04.103, 42490.315, 630
0:02:04.203, 42490.915, 474
0:02:04.303, 42490.200, 645
0:02:04.404, 42490.930, 452
0:02:04.504, 42491.126, 676
0:02:04.604, 42490.431, 710
0:02:04.704, 42490.988, 732
0:02:04.803, 42491.430, 493
0:02:04.904, 42490.300, 623
0:02:05.004, 42491.257, 500
0:02:05.103, 42491.103, 684
0:02:05.203, 42490.204, 508
0:02:05.303, 42491.257, 630
0:02:05.403, 42490.873, 481
0:02:05.503, 42490.949, 669
0:02:05.603, 42491.103, 562
0:02:05.703, 42490.973, 637
0:02:05.803, 42491.430, 525
0:02:05.903, 42491.372, 669
0:02:06.003, 42490.777, 569
0:02:06.103, 42491.795, 796
0:02:06.203, 42491.603, 522
0:02:06.303, 42490.969, 662
0:02:06.403, 42491.814, 444
0:02:06.503, 42491.410, 762
0:02:06.603, 42490.838, 686
0:02:06.703, 42491.641, 596
0:02:06.803, 42491.468, 505
0:02:06.903, 42491.180, 608
0:02:07.003, 42491.507, 483
0:02:07.103, 42491.122, 679
0:02:07.203, 42491.487, 718
0:02:07.303, 42491.334, 669
0:02:07.403, 42490.834, 620
0:02:07.503, 42491.507, 654
0:02:07.603, 42491.222, 608
0:02:07.703, 42490.719, 623
0:02:07.803, 42491.545, 542
0:02:07.903, 42491.142, 647
0:02:08.004, 42490.623, 527
0:02:08.103, 42491.526, 708
0:02:08.203, 42490.896, 496
0:02:08.303, 42490.911, 640
0:02:08.403, 42491.238, 559
0:02:08.503, 42490.700, 620
0:02:08.604, 42490.915, 486
0:02:08.703, 42491.122, 674
0:02:08.803, 42490.392, 586
0:02:08.903, 42491.430, 647
0:02:09.003, 42490.838, 532
0:02:09.104, 42490.508, 596
0:02:09.203, 42491.660, 596
0:02:09.303, 42490.796, 698
0:02:09.403, 42490.569, 547
0:02:09.503, 42491.507, 681
0:02:09.603, 42490.834, 508
0:02:09.703, 42490.873, 618
0:02:09.803, 42491.468, 554
0:02:09.903, 42490.819, 684
0:02:10.003, 42491.199, 464
0:02:10.103, 42490.988, 654
0:02:10.203, 42490.834, 588
0:02:10.303, 42491.353, 654
0:02:10.403, 42491.050, 605
0:02:10.503, 42490.738, 610
0:02:10.603, 42491.852, 627
0:02:10.703, 42490.796, 608
0:02:10.803, 42491.045, 637
0:02:10.903, 42491.929, 635
0:02:11.003, 42490.873, 447
0:02:11.103, 42491.088, 603
0:02:11.203, 42491.583, 557
0:02:11.303, 42491.142, 613
0:02:11.403, 42491.257, 486
0:02:11.503, 42491.430, 632
0:02:11.604, 42491.007, 635
0:02:11.703, 42491.622, 696
0:02:11.803, 42490.834, 437
0:02:11.903, 42490.992, 662
0:02:12.003, 42491.487, 554
0:02:12.103, 42490.777, 623
0:02:12.203, 42491.180, 459
0:02:12.303, 42491.968, 605
0:02:12.403, 42490.892, 491
0:02:12.503, 42491.257, 676
0:02:12.604, 42491.910, 435
0:02:12.707, 42491.045, 652
0:02:12.804, 42491.491, 498
0:02:12.903, 42491.660, 703
0:02:13.003, 42491.218, 581
0:02:13.103, 42491.795, 642
0:02:13.203, 42491.276, 486
0:02:13.303, 42491.065, 620
0:02:13.403, 42491.641, 576
0:02:13.503, 42490.777, 659
0:02:13.603, 42491.238, 522
0:02:13.703, 42491.410, 669
0:02:13.803, 42490.723, 513
0:02:13.903, 42491.142, 667
0:02:14.003, 42491.314, 569
0:02:14.103, 42490.431, 647
0:02:14.203, 42491.203, 518
0:02:14.303, 42491.276, 598
0:02:14.403, 42490.738, 508
0:02:14.503, 42491.276, 696
0:02:14.603, 42490.757, 510
0:02:14.703, 42490.992, 688
0:02:14.803, 42491.199, 588
0:02:14.903, 42490.258, 649
0:02:15.003, 42491.065, 479
0:02:15.103, 42491.030, 732
0:02:15.203, 42489.970, 557
0:02:15.303, 42491.011, 684
0:02:15.403, 42491.122, 537
0:02:15.503, 42490.162, 681
0:02:15.603, 42491.103, 515
0:02:15.703, 42490.800, 723
0:02:15.803, 42490.027, 483
0:02:15.903, 42490.661, 667
0:02:16.003, 42490.396, 662
0:02:16.103, 42490.527, 637
0:02:16.203, 42490.800, 664
0:02:16.303, 42490.104, 603
0:02:16.403, 42490.873, 518
0:02:16.504, 42490.838, 669
0:02:16.603, 42490.066, 474
0:02:16.704, 42490.896, 647
0:02:16.803, 42490.738, 596
0:02:16.903, 42489.989, 659
0:02:17.003, 42491.030, 530
0:02:17.104, 42490.642, 588
0:02:17.203, 42490.373, 537
0:02:17.303, 42490.973, 640
0:02:17.403, 42490.450, 557
0:02:17.503, 42490.738, 715
0:02:17.603, 42490.954, 532
0:02:17.703, 42490.488, 618
0:02:17.803, 42491.103, 583
0:02:17.903, 42491.065, 684
0:02:18.003, 42490.339, 581
0:02:18.103, 42491.622, 679
0:02:18.203, 42490.757, 608
0:02:18.303, 42490.396, 698
0:02:18.403, 42491.314, 647
0:02:18.503, 42490.949, 630
0:02:18.603, 42491.334, 701
0:02:18.703, 42491.564, 667
0:02:18.803, 42490.815, 549
0:02:18.903, 42491.122, 642
0:02:19.003, 42491.069, 566
0:02:19.103, 42490.604, 703
0:02:19.203, 42491.257, 669
0:02:19.303, 42490.834, 664
0:02:19.403, 42490.435, 483
0:02:19.503, 42491.430, 588
0:02:19.603, 42490.623, 657
0:02:19.703, 42490.473, 593
0:02:19.803, 42491.353, 535
0:02:19.903, 42490.431, 637
0:02:20.003, 42490.435, 564
0:02:20.104, 42491.084, 715
0:02:20.203, 42490.315, 620
0:02:20.303, 42490.665, 625
0:02:20.403, 42490.873, 493
0:02:20.503, 42490.412, 681
0:02:20.603, 42490.969, 540
0:02:20.703, 42490.435, 747
0:02:20.803, 42490.469, 479
0:02:20.903, 42490.930, 664
0:02:21.003, 42490.031, 491
0:02:21.103, 42490.508, 613
0:02:21.203, 42491.261, 542
0:02:21.303, 42490.123, 601
0:02:21.403, 42490.661, 554
0:02:21.503, 42491.126, 671
0:02:21.603, 42490.258, 603
0:02:21.703, 42490.853, 647
0:02:21.803, 42490.857, 623
0:02:21.903, 42490.527, 674
0:02:22.003, 42490.949, 588
0:02:22.103, 42490.704, 608
0:02:22.203, 42490.623, 525
0:02:22.303, 42491.180, 662
0:02:22.403, 42490.243, 535
0:02:22.503, 42490.873, 627
0:02:22.603, 42491.142, 447
0:02:22.703, 42490.239, 615
0:02:22.803, 42490.973, 527
0:02:22.903, 42491.045, 613
0:02:23.003, 42490.200, 496
0:02:23.103, 42490.761, 620
0:02:23.204, 42490.661, 674
0:02:23.303, 42490.258, 723
0:02:23.403, 42490.896, 693
0:02:23.503, 42490.296, 559
0:02:23.603, 42490.761, 632
0:02:23.703, 42490.757, 647
0:02:23.803, 42489.989, 466
0:02:23.903, 42490.723, 669
0:02:24.003, 42490.546, 474
0:02:24.103, 42489.609, 667
0:02:24.203, 42490.373, 664
0:02:24.303, 42490.358, 706
0:02:24.403, 42489.528, 566
0:02:24.503, 42490.473, 618
0:02:24.603, 42490.047, 466
0:02:24.703, 42489.897, 659
0:02:24.803, 42490.431, 496
0:02:24.903, 42490.185, 669
0:02:25.003, 42490.296, 620
0:02:25.103, 42490.358, 706
0:02:25.203, 42489.643, 566
0:02:25.303, 42490.550, 703
0:02:25.403, 42490.143, 679
0:02:25.503, 42489.820, 723
0:02:25.603, 42490.969, 659
0:02:25.703, 42490.492, 603
0:02:25.803, 42490.219, 522
0:02:25.903, 42491.372, 620
0:02:26.003, 42490.642, 613
0:02:26.103, 42490.646, 588
0:02:26.203, 42491.161, 596
0:02:26.303, 42490.584, 657
0:02:26.403, 42490.954, 645
0:02:26.503, 42490.815, 635
0:02:26.603, 42490.488, 479
0:02:26.703, 42491.218, 703
0:02:26.803, 42490.761, 693
0:02:26.903, 42490.508, 637
0:02:27.003, 42491.526, 740
0:02:27.103, 42490.608, 684
0:02:27.203, 42490.661, 625
0:02:27.303, 42491.218, 627
0:02:27.403, 42490.565, 576
0:02:27.503, 42490.877, 659
0:02:27.603, 42491.276, 676
0:02:27.703, 42490.488, 605
0:02:27.803, 42490.988, 649
0:02:27.903, 42490.838, 632
0:02:28.004, 42490.469, 593
0:02:28.103, 42491.199, 647
0:02:28.203, 42491.103, 608
0:02:28.303, 42491.203, 623
0:02:28.403, 42491.618, 610
0:02:28.504, 42490.512, 632
0:02:28.603, 42490.853, 649
0:02:28.704, 42491.507, 598
0:02:28.803, 42490.435, 537
0:02:28.904, 42490.565, 713
0:02:29.004, 42490.335, 610
0:02:29.103, 42490.147, 649
0:02:29.205, 42490.508, 493
0:02:29.306, 42490.166, 684
0:02:29.403, 42490.335, 447
0:02:29.503, 42490.608, 610
0:02:29.603, 42490.085, 708
0:02:29.705, 42491.007, 742
0:02:29.803, 42491.146, 503
0:02:29.903, 42490.219, 693
0:02:30.003, 42491.353, 454
0:02:30.103, 42491.583, 652
0:02:30.203, 42490.838, 444
0:02:30.303, 42491.618, 625
0:02:30.403, 42491.564, 503
0:02:30.503, 42491.299, 681
0:02:30.603, 42491.852, 652
0:02:30.703, 42491.695, 693
0:02:30.803, 42491.756, 608
0:02:30.903, 42492.102, 684
0:02:31.003, 42491.545, 640
0:02:31.103, 42492.217, 605
0:02:31.203, 42491.872, 698
0:02:31.303, 42491.084, 637
0:02:31.403, 42492.141, 544
0:02:31.503, 42491.795, 676
0:02:31.603, 42491.026, 449
0:02:31.703, 42491.910, 613
0:02:31.804, 42491.372, 486
0:02:31.903, 42491.353, 657
0:02:32.004, 42491.641, 586
0:02:32.103, 42491.161, 608
0:02:32.203, 42491.583, 542
0:02:32.303, 42491.564, 737
0:02:32.403, 42491.011, 510
0:02:32.504, 42492.098, 625
0:02:32.603, 42491.511, 498
0:02:32.703, 42491.314, 681
0:02:32.804, 42492.386, 691
0:02:32.904, 42491.814, 713
0:02:33.004, 42491.968, 720
0:02:33.103, 42492.602, 618
0:02:33.203, 42491.968, 486
0:02:33.303, 42491.929, 691
0:02:33.403, 42492.597, 525
0:02:33.503, 42492.371, 608
0:02:33.603, 42492.678, 671
0:02:33.703, 42491.948, 667
0:02:33.803, 42492.040, 562
0:02:33.903, 42492.621, 596
0:02:34.003, 42491.583, 537
0:02:34.103, 42491.795, 608
0:02:34.203, 42492.409, 542
0:02:34.303, 42491.142, 708
0:02:34.403, 42491.583, 505
0:02:34.504, 42492.006, 635
0:02:34.603, 42491.103, 652
0:02:34.703, 42491.295, 688
0:02:34.803, 42491.583, 417
0:02:34.903, 42491.372, 691
0:02:35.003, 42491.929, 469
0:02:35.103, 42491.872, 718
0:02:35.203, 42492.141, 532
0:02:35.303, 42492.367, 745
0:02:35.403, 42491.472, 488
0:02:35.503, 42492.117, 647
0:02:35.603, 42492.141, 474
0:02:35.703, 42491.487, 618
0:02:35.803, 42492.064, 476
0:02:35.903, 42492.179, 566
0:02:36.003, 42491.507, 581
0:02:36.103, 42492.333, 715
0:02:36.203, 42492.079, 542
0:02:36.303, 42491.741, 688
0:02:36.403, 42492.386, 767
0:02:36.503, 42491.910, 605
0:02:36.604, 42492.217, 537
0:02:36.703, 42492.160, 708
0:02:36.803, 42491.679, 454
0:02:36.903, 42492.275, 635
0:02:37.004, 42492.290, 620
0:02:37.104, 42491.603, 725
0:02:37.203, 42492.333, 544
0:02:37.303, 42492.198, 667
0:02:37.403, 42491.814, 513
0:02:37.503, 42492.482, 664
0:02:37.603, 42492.352, 461
0:02:37.703, 42492.237, 645
0:02:37.803, 42492.717, 547
0:02:37.903, 42492.117, 627
0:02:38.003, 42492.717, 654
0:02:38.103, 42492.313, 630
0:02:38.203, 42491.948, 559
0:02:38.303, 42492.789, 752
0:02:38.403, 42492.160, 554
0:02:38.503, 42491.833, 708
0:02:38.603, 42492.659, 525
0:02:38.703, 42492.064, 706
0:02:38.803, 42491.848, 486
0:02:38.903, 42492.582, 564
0:02:39.003, 42492.006, 583
0:02:39.103, 42492.256, 649
0:02:39.203, 42492.444, 469
0:02:39.303, 42492.198, 657
0:02:39.403, 42492.640, 522
0:02:39.504, 42492.198, 649
0:02:39.603, 42491.891, 513
0:02:39.703, 42492.770, 659
0:02:39.803, 42491.929, 417
0:02:39.903, 42492.083, 625
0:02:40.003, 42492.828, 427
0:02:40.103, 42492.044, 688
0:02:40.204, 42492.237, 513
0:02:40.303, 42492.659, 676
0:02:40.403, 42491.929, 464
0:02:40.504, 42492.559, 581
0:02:40.604, 42492.467, 549
0:02:40.704, 42492.121, 625
0:02:40.803, 42492.617, 518
0:02:40.903, 42491.968, 706
0:02:41.003, 42492.179, 508
0:02:41.104, 42492.909, 640
0:02:41.203, 42492.025, 554
0:02:41.305, 42492.309, 691
0:02:41.403, 42492.774, 652
0:02:41.503, 42492.025, 710
0:02:41.603, 42492.333, 515
0:02:41.703, 42492.501, 671
0:02:41.803, 42491.910, 544
0:02:41.903, 42492.064, 620
0:02:42.003, 42492.198, 562
0:02:42.103, 42491.526, 725
0:02:42.203, 42492.333, 620
0:02:42.304, 42491.372, 610
0:02:42.403, 42491.910, 732
0:02:42.503, 42492.751, 627
0:02:42.603, 42491.045, 708
0:02:42.703, 42492.813, 664
0:02:42.803, 42491.775, 508
0:02:42.903, 42492.179, 586
0:02:43.003, 42491.641, 596
0:02:43.103, 42492.636, 725
0:02:43.203, 42491.165, 598
0:02:43.303, 42492.367, 698
0:02:43.403, 42491.718, 544
0:02:43.503, 42492.064, 640
0:02:43.603, 42492.064, 488
0:02:43.703, 42491.872, 630
0:02:43.803, 42492.237, 525
0:02:43.904, 42492.348, 710
0:02:44.003, 42491.718, 481
0:02:44.103, 42492.429, 574
0:02:44.203, 42492.698, 659
0:02:44.303, 42491.238, 657
0:02:44.403, 42492.943, 449
0:02:44.503, 42491.891, 625
0:02:44.603, 42492.486, 715
0:02:44.703, 42492.160, 649
0:02:44.803, 42492.886, 498
0:02:44.903, 42491.737, 605
0:02:45.003, 42493.332, 605
0:02:45.103, 42491.487, 684
0:02:45.203, 42493.270, 449
0:02:45.303, 42492.102, 620
0:02:45.403, 42492.390, 454
0:02:45.503, 42492.713, 576
0:02:45.603, 42492.486, 481
0:02:45.704, 42492.064, 623
0:02:45.803, 42492.582, 620
0:02:45.903, 42492.271, 630
0:02:46.003, 42491.622, 444
0:02:46.103, 42492.313, 603
0:02:46.203, 42491.583, 549
0:02:46.303, 42491.833, 649
0:02:46.404, 42491.852, 510
0:02:46.503, 42491.161, 662
0:02:46.603, 42492.333, 627
0:02:46.703, 42491.468, 635
0:02:46.803, 42491.142, 447
0:02:46.903, 42492.313, 703
0:02:47.003, 42491.737, 457
0:02:47.103, 42491.353, 645
0:02:47.203, 42492.409, 618
0:02:47.303, 42491.603, 645
0:02:47.403, 42491.583, 435
0:02:47.503, 42491.983, 632
0:02:47.603, 42491.491, 474
0:02:47.703, 42491.848, 637
0:02:47.803, 42491.622, 547
0:02:47.903, 42491.603, 627
0:02:48.003, 42491.968, 781
0:02:48.103, 42491.507, 654
0:02:48.203, 42491.545, 388
0:02:48.303, 42492.275, 640
0:02:48.403, 42491.545, 444
0:02:48.503, 42491.833, 620
0:02:48.604, 42492.198, 503
0:02:48.703, 42491.507, 603
0:02:48.803, 42491.545, 547
0:02:48.903, 42492.160, 703
0:02:49.003, 42491.737, 579
0:02:49.103, 42492.083, 752
0:02:49.203, 42492.156, 464
0:02:49.303, 42491.718, 720
0:02:49.403, 42492.698, 442
0:02:49.503, 42491.948, 608
0:02:49.603, 42492.121, 576
0:02:49.704, 42492.521, 730
0:02:49.803, 42491.583, 601
0:02:49.903, 42491.814, 615
0:02:50.004, 42492.371, 469
0:02:50.103, 42491.430, 615
0:02:50.203, 42492.025, 466
0:02:50.303, 42492.275, 662
0:02:50.403, 42491.872, 479
0:02:50.503, 42492.328, 664
0:02:50.603, 42492.121, 403
0:02:50.703, 42492.064, 608
0:02:50.803, 42492.774, 466
0:02:50.903, 42491.795, 618
0:02:51.003, 42492.405, 483
0:02:51.103, 42492.717, 662
0:02:51.203, 42491.603, 449
0:02:51.303, 42492.044, 735
0:02:51.403, 42492.429, 513
0:02:51.503, 42491.430, 627
0:02:51.603, 42492.079, 706
0:02:51.703, 42492.371, 708
0:02:51.803, 42491.775, 608
0:02:51.903, 42492.467, 645
0:02:52.003, 42492.064, 469
0:02:52.103, 42492.194, 586
0:02:52.203, 42492.237, 569
0:02:52.303, 42491.583, 681
0:02:52.403, 42492.409, 427
0:02:52.503, 42492.198, 635
0:02:52.603, 42491.410, 481
0:02:52.703, 42492.237, 701
0:02:52.803, 42492.367, 403
0:02:52.903, 42491.222, 718
0:02:53.003, 42492.194, 669
0:02:53.106, 42491.929, 645
0:02:53.205, 42491.507, 686
0:02:53.303, 42492.083, 698
0:02:53.403, 42491.737, 427
0:02:53.503, 42491.852, 559
0:02:53.603, 42492.083, 457
0:02:53.704, 42491.372, 703
0:02:53.803, 42491.929, 493
0:02:53.903, 42491.775, 659
0:02:54.003, 42491.180, 537
0:02:54.103, 42492.160, 740
0:02:54.203, 42491.814, 476
0:02:54.303, 42491.218, 618
0:02:54.403, 42491.929, 454
0:02:54.503, 42491.756, 610
0:02:54.603, 42491.199, 457
0:02:54.703, 42491.910, 728
0:02:54.803, 42491.526, 513
0:02:54.903, 42491.737, 698
0:02:55.003, 42491.891, 417
0:02:55.103, 42491.295, 659
0:02:55.203, 42492.141, 549
0:02:55.303, 42491.756, 706
0:02:55.403, 42491.410, 596
0:02:55.503, 42492.367, 627
0:02:55.603, 42491.718, 632
0:02:55.703, 42491.199, 603
0:02:55.803, 42492.333, 425
0:02:55.903, 42491.507, 598
0:02:56.003, 42491.314, 464
0:02:56.103, 42491.929, 686
0:02:56.203, 42491.526, 493
0:02:56.303, 42491.583, 776
0:02:56.403, 42491.795, 522
0:02:56.503, 42491.180, 637
0:02:56.603, 42491.891, 500
0:02:56.703, 42491.334, 774
0:02:56.803, 42491.242, 571
0:02:56.903, 42492.117, 659
0:02:57.003, 42491.391, 496
0:02:57.103, 42491.184, 613
0:02:57.203, 42492.156, 491
0:02:57.303, 42491.276, 593
0:02:57.403, 42491.357, 483
0:02:57.503, 42492.002, 608
0:02:57.603, 42491.184, 479
0:02:57.703, 42491.526, 625
0:02:57.804, 42491.603, 466
0:02:57.903, 42491.295, 679
0:02:58.004, 42491.603, 569
0:02:58.103, 42491.449, 696
0:02:58.203, 42491.257, 474
0:02:58.303, 42491.987, 645
0:02:58.403, 42491.065, 698
0:02:58.503, 42491.257, 625
0:02:58.603, 42491.833, 515
0:02:58.703, 42490.969, 708
0:02:58.803, 42491.449, 762
0:02:58.903, 42491.775, 747
0:02:59.003, 42491.030, 486
0:02:59.103, 42491.430, 625
0:02:59.203, 42491.733, 527
0:02:59.303, 42491.088, 591
0:02:59.403, 42492.083, 630
0:02:59.503, 42491.641, 708
0:02:59.603, 42491.660, 566
0:02:59.703, 42492.252, 615
0:02:59.803, 42491.334, 486
0:02:59.903, 42491.660, 598
0:03:00.003, 42492.198, 640
0:03:00.103, 42491.295, 613
0:03:00.203, 42491.968, 405
0:03:00.303, 42492.217, 667
0:03:00.403, 42491.507, 576
0:03:00.503, 42491.910, 588
0:03:00.603, 42492.025, 532
0:03:00.703, 42491.737, 654
0:03:00.803, 42492.121, 479
0:03:00.903, 42491.603, 613
0:03:01.003, 42491.910, 542
0:03:01.103, 42492.309, 693
0:03:01.203, 42491.468, 520
0:03:01.303, 42492.064, 649
0:03:01.403, 42492.217, 505
0:03:01.503, 42491.468, 598
0:03:01.603, 42492.102, 540
0:03:01.703, 42492.237, 679
0:03:01.803, 42491.238, 581
0:03:01.903, 42492.198, 632
0:03:02.003, 42492.117, 488
0:03:02.103, 42491.622, 679
0:03:02.203, 42492.083, 444
0:03:02.303, 42491.737, 603
0:03:02.403, 42491.929, 518
0:03:02.503, 42492.044, 635
0:03:02.603, 42491.833, 579
0:03:02.703, 42491.699, 740
0:03:02.803, 42492.636, 469
0:03:02.903, 42490.915, 627
0:03:03.003, 42492.597, 515
0:03:03.103, 42492.064, 632
0:03:03.203, 42491.314, 691
0:03:03.303, 42492.774, 615
0:03:03.403, 42491.372, 518
0:03:03.503, 42492.256, 596
0:03:03.603, 42491.353, 449
0:03:03.703, 42492.313, 754
0:03:03.803, 42491.142, 532
0:03:03.903, 42492.333, 776
0:03:04.003, 42491.122, 642
0:03:04.103, 42491.968, 625
0:03:04.203, 42492.328, 466
0:03:04.303, 42491.030, 645
0:03:04.403, 42492.617, 461
0:03:04.503, 42491.545, 710
0:03:04.603, 42491.468, 566
0:03:04.703, 42491.852, 686
0:03:04.803, 42491.449, 686
0:03:04.903, 42491.218, 667
0:03:05.003, 42491.737, 610
0:03:05.103, 42491.410, 640
0:03:05.203, 42491.491, 571
0:03:05.303, 42491.714, 676
0:03:05.403, 42491.395, 474
0:03:05.503, 42492.040, 637
0:03:05.603, 42491.775, 679
0:03:05.703, 42491.276, 654
0:03:05.803, 42492.256, 391
0:03:05.903, 42491.679, 723
0:03:06.003, 42491.199, 532
0:03:06.103, 42492.294, 664
0:03:06.203, 42491.891, 398
0:03:06.303, 42491.410, 713
0:03:06.403, 42492.141, 527
0:03:06.503, 42491.699, 623
0:03:06.603, 42491.622, 415
0:03:06.703, 42491.987, 588
0:03:06.803, 42491.545, 688
0:03:06.903, 42492.102, 645
0:03:07.003, 42491.679, 493
0:03:07.103, 42491.257, 742
0:03:07.203, 42491.948, 564
0:03:07.303, 42491.238, 618
0:03:07.403, 42491.161, 562
0:03:07.503, 42492.006, 627
0:03:07.603, 42491.122, 671
0:03:07.703, 42490.930, 659
0:03:07.803, 42491.891, 681
0:03:07.903, 42491.391, 671
0:03:08.004, 42491.238, 471
0:03:08.103, 42491.929, 698
0:03:08.203, 42491.257, 496
0:03:08.303, 42491.756, 630
0:03:08.403, 42491.583, 613
0:03:08.503, 42491.218, 701
0:03:08.603, 42492.044, 515
0:03:08.703, 42491.468, 703
0:03:08.803, 42491.449, 496
0:03:08.903, 42492.294, 615
0:03:09.003, 42491.603, 627
0:03:09.103, 42491.660, 693
0:03:09.203, 42492.313, 500
0:03:09.303, 42491.487, 728
0:03:09.403, 42491.718, 430
0:03:09.503, 42492.217, 691
0:03:09.603, 42491.660, 552
0:03:09.703, 42492.044, 664
0:03:09.803, 42491.948, 488
0:03:09.903, 42491.464, 625
0:03:10.003, 42492.333, 486
0:03:10.103, 42491.718, 635
0:03:10.203, 42491.583, 603
0:03:10.303, 42492.390, 684
0:03:10.403, 42491.564, 522
0:03:10.503, 42491.603, 686
0:03:10.603, 42492.563, 588
0:03:10.703, 42491.449, 737
0:03:10.803, 42491.699, 466
0:03:10.903, 42492.141, 618
0:03:11.003, 42491.487, 476
0:03:11.103, 42491.963, 627
0:03:11.203, 42491.872, 535
0:03:11.303, 42491.660, 713
0:03:11.403, 42492.333, 588
0:03:11.503, 42491.833, 635
0:03:11.603, 42492.025, 737
0:03:11.703, 42492.602, 684
0:03:11.803, 42491.526, 532
0:03:11.903, 42491.983, 688
0:03:12.003, 42492.640, 452
0:03:12.103, 42491.564, 740
0:03:12.203, 42491.968, 525
0:03:12.303, 42492.467, 588
0:03:12.403, 42491.660, 679
0:03:12.503, 42492.060, 583
0:03:12.603, 42491.929, 601
0:03:12.703, 42491.718, 610
0:03:12.803, 42492.102, 522
0:03:12.903, 42491.545, 605
0:03:13.003, 42491.775, 508
0:03:13.103, 42492.141, 654
0:03:13.203, 42491.449, 500
0:03:13.303, 42492.064, 623
0:03:13.403, 42492.486, 703
0:03:13.503, 42491.526, 610
0:03:13.603, 42492.083, 527
0:03:13.703, 42492.328, 698
0:03:13.803, 42491.507, 576
0:03:13.903, 42492.121, 693
0:03:14.003, 42491.948, 544
0:03:14.103, 42491.660, 703
0:03:14.203, 42492.352, 491
0:03:14.303, 42491.852, 637
0:03:14.403, 42492.044, 671
0:03:14.503, 42492.040, 740
0:03:14.603, 42491.507, 535
0:03:14.703, 42491.968, 674
0:03:14.803, 42492.352, 466
0:03:14.903, 42491.391, 742
0:03:15.003, 42491.737, 439
0:03:15.103, 42492.467, 569
0:03:15.203, 42491.161, 503
0:03:15.303, 42492.333, 613
0:03:15.403, 42491.775, 532
0:03:15.503, 42491.526, 645
0:03:15.603, 42492.290, 659
0:03:15.703, 42491.622, 688
0:03:15.803, 42492.467, 569
0:03:15.903, 42491.814, 701
0:03:16.004, 42492.102, 574
0:03:16.106, 42491.737, 642
0:03:16.203, 42492.678, 505
0:03:16.303, 42490.988, 691
0:03:16.404, 42492.617, 505
0:03:16.503, 42491.814, 720
0:03:16.603, 42491.987, 535
0:03:16.703, 42492.121, 708
0:03:16.803, 42492.506, 549
0:03:16.903, 42491.756, 664
0:03:17.003, 42492.540, 466
0:03:17.103, 42492.256, 603
0:03:17.203, 42492.006, 432
0:03:17.303, 42492.525, 620
0:03:17.403, 42491.468, 684
0:03:17.503, 42492.348, 601
0:03:17.603, 42491.795, 435
0:03:17.703, 42491.319, 669
0:03:17.803, 42492.309, 710
0:03:17.903, 42491.756, 659
0:03:18.003, 42491.622, 493
0:03:18.103, 42492.486, 710
0:03:18.203, 42491.814, 442
0:03:18.303, 42491.737, 623
0:03:18.403, 42492.102, 640
0:03:18.503, 42491.699, 659
0:03:18.603, 42491.795, 510
0:03:18.703, 42491.829, 671
0:03:18.803, 42491.526, 505
0:03:18.903, 42492.217, 632
0:03:19.003, 42492.064, 476
0:03:19.103, 42491.314, 723
0:03:19.203, 42492.448, 520
0:03:19.303, 42491.910, 635
0:03:19.403, 42491.468, 500
0:03:19.503, 42492.121, 674
0:03:19.604, 42491.487, 571
0:03:19.703, 42491.353, 642
0:03:19.803, 42491.872, 574
0:03:19.903, 42491.161, 701
0:03:20.003, 42491.699, 476
0:03:20.103, 42491.564, 591
0:03:20.203, 42491.295, 566
0:03:20.303, 42492.121, 654
0:03:20.403, 42491.449, 439
0:03:20.503, 42491.526, 664
0:03:20.603, 42492.486, 491
0:03:20.703, 42491.410, 688
0:03:20.803, 42491.583, 481
0:03:20.903, 42492.313, 632
0:03:21.003, 42491.449, 603
0:03:21.103, 42491.756, 632
0:03:21.203, 42492.060, 410
0:03:21.303, 42491.507, 667
0:03:21.403, 42491.756, 586
0:03:21.503, 42491.795, 725
0:03:21.603, 42491.165, 537
0:03:21.703, 42492.194, 632
0:03:21.803, 42491.065, 500
0:03:21.903, 42491.814, 740
0:03:22.003, 42491.833, 513
0:03:22.103, 42491.238, 657
0:03:22.203, 42491.756, 642
0:03:22.303, 42491.910, 640
0:03:22.403, 42491.468, 537
0:03:22.503, 42491.184, 620
0:03:22.603, 42492.578, 437
0:03:22.703, 42490.892, 664
0:03:22.803, 42492.525, 417
0:03:22.903, 42491.353, 615
0:03:23.003, 42492.198, 420
0:03:23.103, 42492.217, 703
0:03:23.203, 42491.449, 693
0:03:23.303, 42492.313, 615
0:03:23.403, 42491.795, 671
0:03:23.504, 42491.852, 686
0:03:23.603, 42491.449, 525
0:03:23.703, 42492.770, 627
0:03:23.803, 42490.873, 657
0:03:23.903, 42492.871, 591
0:03:24.003, 42491.699, 459
0:03:24.103, 42492.544, 630
0:03:24.203, 42492.232, 457
0:03:24.303, 42492.025, 566
0:03:24.403, 42492.160, 652
0:03:24.503, 42491.872, 625
0:03:24.603, 42491.622, 640
0:03:24.703, 42491.891, 676
0:03:24.803, 42492.506, 508
0:03:24.903, 42490.853, 728
0:03:25.003, 42492.770, 481
0:03:25.103, 42491.319, 732
0:03:25.203, 42491.695, 552
0:03:25.303, 42491.626, 654
0:03:25.403, 42492.213, 422
0:03:25.503, 42490.934, 703
0:03:25.603, 42492.386, 642
0:03:25.703, 42491.142, 627
0:03:25.803, 42491.891, 510
0:03:25.903, 42491.583, 652
0:03:26.003, 42491.545, 452
0:03:26.103, 42492.083, 632
0:03:26.203, 42491.410, 510
0:03:26.303, 42491.203, 613
0:03:26.403, 42491.675, 537
0:03:26.503, 42491.511, 635
0:03:26.603, 42490.680, 693
0:03:26.703, 42492.333, 757
0:03:26.803, 42490.700, 696
0:03:26.903, 42491.833, 747
0:03:27.003, 42491.314, 442
0:03:27.103, 42491.852, 642
0:03:27.203, 42491.065, 425
0:03:27.303, 42492.102, 728
0:03:27.403, 42490.700, 405
0:03:27.503, 42492.467, 566
0:03:27.603, 42490.853, 408
0:03:27.703, 42491.603, 662
0:03:27.803, 42491.679, 593
0:03:27.903, 42491.603, 679
0:03:28.003, 42491.199, 586
0:03:28.103, 42492.352, 623
0:03:28.203, 42491.161, 430
0:03:28.303, 42491.910, 640
0:03:28.403, 42492.141, 464
0:03:28.503, 42491.603, 710
0:03:28.603, 42492.256, 571
0:03:28.703, 42491.660, 674
0:03:28.803, 42492.348, 476
0:03:28.903, 42492.390, 637
0:03:29.003, 42492.141, 447
0:03:29.103, 42492.025, 620
0:03:29.203, 42493.231, 391
0:03:29.303, 42491.641, 603
0:03:29.403, 42493.255, 498
0:03:29.503, 42492.463, 632
0:03:29.603, 42492.525, 652
0:03:29.703, 42492.352, 610
0:03:29.803, 42493.616, 486
0:03:29.903, 42492.121, 605
0:03:30.003, 42493.481, 520
0:03:30.103, 42492.563, 701
0:03:30.203, 42493.366, 471
0:03:30.303, 42492.755, 667
0:03:30.403, 42493.005, 493
0:03:30.503, 42492.828, 715
0:03:30.603, 42493.500, 571
0:03:30.703, 42492.294, 625
0:03:30.803, 42493.178, 542
0:03:30.903, 42493.347, 618
0:03:31.003, 42492.179, 505
0:03:31.103, 42493.481, 630
0:03:31.203, 42492.851, 447
0:03:31.303, 42492.847, 652
0:03:31.403, 42493.216, 459
0:03:31.503, 42492.886, 649
0:03:31.603, 42493.043, 486
0:03:31.703, 42493.462, 635
0:03:31.803, 42492.717, 571
0:03:31.903, 42493.616, 659
0:03:32.003, 42493.539, 459
0:03:32.103, 42492.755, 698
0:03:32.203, 42493.673, 557
0:03:32.303, 42493.274, 715
0:03:32.403, 42492.751, 479
0:03:32.503, 42493.428, 659
0:03:32.603, 42493.116, 684
0:03:32.703, 42492.774, 686
0:03:32.803, 42493.212, 439
0:03:32.903, 42492.390, 684
0:03:33.003, 42492.794, 508
0:03:33.103, 42492.886, 691
0:03:33.203, 42492.141, 645
0:03:33.303, 42492.943, 640
0:03:33.403, 42492.621, 500
0:03:33.503, 42492.121, 627
0:03:33.603, 42493.404, 725
0:03:33.703, 42492.525, 684
0:03:33.803, 42492.506, 454
0:03:33.903, 42493.327, 674
0:03:34.003, 42492.755, 527
0:03:34.103, 42492.847, 684
0:03:34.203, 42493.274, 503
0:03:34.303, 42492.866, 601
0:03:34.403, 42492.986, 676
0:03:34.503, 42493.058, 688
0:03:34.603, 42492.832, 593
0:03:34.703, 42493.520, 649
0:03:34.803, 42492.698, 479
0:03:34.903, 42492.847, 645
0:03:35.003, 42493.505, 452
0:03:35.103, 42492.636, 625
0:03:35.203, 42493.101, 464
0:03:35.303, 42493.616, 559
0:03:35.403, 42492.640, 549
0:03:35.503, 42493.366, 615
0:03:35.603, 42493.577, 488
0:03:35.703, 42493.159, 740
0:03:35.803, 42493.577, 745
0:03:35.903, 42493.581, 698
0:03:36.003, 42493.327, 515
0:03:36.103, 42493.904, 618
0:03:36.203, 42493.082, 471
0:03:36.304, 42493.327, 745
0:03:36.403, 42493.865, 466
0:03:36.503, 42492.525, 649
0:03:36.603, 42493.193, 493
0:03:36.703, 42493.620, 620
0:03:36.803, 42492.713, 457
0:03:36.903, 42493.428, 693
0:03:37.003, 42493.423, 564
0:03:37.103, 42492.967, 679
0:03:37.203, 42493.673, 610
0:03:37.304, 42493.097, 635
0:03:37.403, 42492.928, 520
0:03:37.503, 42493.712, 635
0:03:37.603, 42492.755, 532
0:03:37.703, 42493.462, 740
0:03:37.803, 42493.408, 481
0:03:37.903, 42492.444, 703
0:03:38.003, 42493.351, 520
0:03:38.104, 42493.673, 686
0:03:38.203, 42492.064, 688
0:03:38.303, 42494.019, 642
0:03:38.403, 42492.467, 552
0:03:38.503, 42493.270, 620
0:03:38.603, 42492.947, 420
0:03:38.703, 42492.886, 674
0:03:38.803, 42493.351, 598
0:03:38.903, 42492.290, 701
0:03:39.003, 42493.236, 491
0:03:39.103, 42492.559, 640
0:03:39.203, 42493.601, 605
0:03:39.303, 42491.430, 732
0:03:39.403, 42493.923, 557
0:03:39.503, 42491.891, 635
0:03:39.603, 42492.847, 396
0:03:39.703, 42492.794, 654
0:03:39.803, 42492.621, 493
0:03:39.903, 42492.674, 720
0:03:40.003, 42492.813, 764
0:03:40.103, 42493.174, 676
0:03:40.203, 42492.467, 691
0:03:40.303, 42492.909, 625
0:03:40.403, 42492.117, 522
0:03:40.503, 42492.736, 620
0:03:40.603, 42492.313, 457
0:03:40.703, 42491.968, 693
0:03:40.803, 42493.039, 469
0:03:40.904, 42491.929, 679
0:03:41.003, 42492.160, 593
0:03:41.103, 42492.678, 659
0:03:41.203, 42491.718, 574
0:03:41.303, 42492.252, 635
0:03:41.403, 42492.525, 491
0:03:41.503, 42491.852, 586
0:03:41.603, 42492.352, 542
0:03:41.703, 42492.160, 676
0:03:41.803, 42492.040, 474
0:03:41.903, 42492.909, 703
0:03:42.003, 42491.987, 569
0:03:42.103, 42492.409, 652
0:03:42.203, 42492.905, 552
0:03:42.303, 42491.968, 691
0:03:42.403, 42492.371, 459
0:03:42.503, 42492.770, 642
0:03:42.603, 42492.006, 469
0:03:42.703, 42492.506, 596
0:03:42.803, 42492.770, 571
0:03:42.903, 42492.044, 701
0:03:43.003, 42492.544, 571
0:03:43.103, 42492.352, 781
0:03:43.203, 42492.290, 430
0:03:43.303, 42492.544, 750
0:03:43.403, 42491.833, 439
0:03:43.503, 42492.141, 630
0:03:43.603, 42492.486, 422
0:03:43.703, 42491.583, 698
0:03:43.803, 42492.328, 500
0:03:43.903, 42492.525, 618
0:03:44.003, 42491.507, 488
0:03:44.103, 42492.256, 581
0:03:44.203, 42491.948, 613
0:03:44.303, 42491.545, 647
0:03:44.403, 42491.872, 479
0:03:44.503, 42491.929, 710
0:03:44.603, 42492.002, 471
0:03:44.703, 42491.872, 715
0:03:44.803, 42491.583, 461
0:03:44.903, 42492.083, 696
0:03:45.003, 42492.121, 710
0:03:45.103, 42491.314, 715
0:03:45.203, 42492.448, 520
0:03:45.303, 42492.294, 703
0:03:45.403, 42491.161, 667
0:03:45.503, 42493.212, 750
0:03:45.603, 42491.295, 527
0:03:45.703, 42492.506, 598
0:03:45.803, 42491.833, 491
0:03:45.903, 42492.467, 654
0:03:46.004, 42492.044, 552
0:03:46.103, 42492.540, 667
0:03:46.203, 42491.929, 481
0:03:46.303, 42492.371, 586
0:03:46.403, 42492.486, 459
0:03:46.503, 42491.583, 737
0:03:46.603, 42492.809, 581
0:03:46.703, 42491.910, 535
0:03:46.803, 42492.064, 713
0:03:46.903, 42492.962, 601
0:03:47.003, 42492.275, 508
0:03:47.103, 42492.294, 632
0:03:47.203, 42492.794, 579
0:03:47.303, 42492.328, 706
0:03:47.403, 42492.621, 688
0:03:47.503, 42492.486, 652
0:03:47.603, 42492.136, 405
0:03:47.703, 42493.043, 657
0:03:47.803, 42492.313, 576
0:03:47.903, 42492.463, 654
0:03:48.003, 42493.428, 598
0:03:48.103, 42492.179, 618
0:03:48.208, 42492.962, 693
0:03:48.304, 42493.308, 679
0:03:48.403, 42492.986, 430
0:03:48.503, 42492.736, 688
0:03:48.603, 42493.270, 452
0:03:48.703, 42492.659, 596
0:03:48.803, 42492.617, 535
0:03:48.904, 42493.024, 674
0:03:49.003, 42491.987, 569
0:03:49.103, 42493.443, 591
0:03:49.203, 42491.775, 493
0:03:49.304, 42493.155, 684
0:03:49.403, 42492.371, 713
0:03:49.503, 42492.429, 527
0:03:49.603, 42492.141, 718
0:03:49.703, 42493.423, 588
0:03:49.806, 42491.795, 491
0:03:49.904, 42492.736, 613
0:03:50.003, 42493.174, 762
0:03:50.104, 42491.718, 730
0:03:50.203, 42493.024, 503
0:03:50.303, 42492.309, 625
0:03:50.404, 42492.409, 522
0:03:50.503, 42492.717, 679
0:03:50.603, 42491.929, 588
0:03:50.703, 42492.962, 598
0:03:50.804, 42492.544, 559
0:03:50.904, 42492.121, 728
0:03:51.003, 42492.501, 515
0:03:51.103, 42492.563, 615
0:03:51.203, 42491.891, 742
0:03:51.303, 42492.429, 547
0:03:51.404, 42492.655, 566
0:03:51.503, 42491.564, 608
0:03:51.603, 42492.928, 479
0:03:51.703, 42491.852, 674
0:03:51.803, 42492.006, 500
0:03:51.903, 42492.521, 596
0:03:52.005, 42491.199, 540
0:03:52.103, 42492.832, 645
0:03:52.203, 42491.775, 623
0:03:52.303, 42491.775, 645
0:03:52.403, 42492.121, 447
0:03:52.503, 42491.795, 642
0:03:52.603, 42491.295, 474
0:03:52.703, 42492.121, 625
0:03:52.803, 42491.872, 693
0:03:52.903, 42491.410, 649
0:03:53.005, 42492.213, 569
0:03:53.103, 42491.775, 627
0:03:53.203, 42492.064, 510
0:03:53.303, 42491.910, 681
0:03:53.403, 42491.756, 425
0:03:53.503, 42492.256, 579
0:03:53.603, 42491.718, 454
0:03:53.703, 42491.564, 649
0:03:53.803, 42492.429, 562
0:03:53.903, 42491.848, 601
0:03:54.003, 42491.472, 562
0:03:54.103, 42492.424, 645
0:03:54.203, 42491.218, 562
0:03:54.303, 42491.410, 686
0:03:54.405, 42492.064, 554
0:03:54.504, 42491.372, 588
0:03:54.603, 42491.641, 583
0:03:54.703, 42491.583, 632
0:03:54.804, 42491.165, 471
0:03:54.904, 42491.775, 618
0:03:55.003, 42491.353, 669
0:03:55.103, 42491.218, 632
0:03:55.203, 42492.044, 654
0:03:55.303, 42491.199, 664
0:03:55.404, 42491.487, 476
0:03:55.503, 42492.006, 640
0:03:55.603, 42490.930, 427
0:03:55.704, 42491.583, 706
0:03:55.803, 42491.795, 439
0:03:55.905, 42490.969, 625
0:03:56.003, 42491.603, 645
0:03:56.103, 42491.487, 664
0:03:56.203, 42491.161, 430
0:03:56.304, 42491.756, 596
0:03:56.403, 42491.276, 444
0:03:56.503, 42491.583, 642
0:03:56.603, 42491.910, 559
0:03:56.703, 42491.180, 681
0:03:56.803, 42491.775, 503
0:03:56.903, 42492.141, 642
0:03:57.003, 42490.930, 579
0:03:57.103, 42491.660, 659
0:03:57.204, 42492.044, 447
0:03:57.303, 42491.372, 618
0:03:57.403, 42491.968, 437
0:03:57.503, 42491.660, 618
0:03:57.603, 42491.468, 515
0:03:57.703, 42491.987, 618
0:03:57.803, 42491.334, 713
0:03:57.903, 42491.795, 706
0:03:58.003, 42491.852, 479
0:03:58.103, 42491.199, 598
0:03:58.205, 42492.102, 596
0:03:58.303, 42491.852, 669
0:03:58.403, 42491.142, 427
0:03:58.503, 42492.044, 676
0:03:58.603, 42491.622, 454
0:03:58.703, 42491.257, 640
0:03:58.803, 42491.833, 530
0:03:58.903, 42491.564, 593
0:03:59.003, 42491.622, 547
0:03:59.103, 42491.507, 598
0:03:59.203, 42491.276, 491
0:03:59.303, 42491.487, 618
0:03:59.403, 42491.545, 493
0:03:59.504, 42490.800, 681
0:03:59.603, 42491.641, 522
0:03:59.703, 42491.199, 613
0:03:59.803, 42490.892, 493
0:03:59.903, 42491.929, 630
0:04:00.003, 42490.988, 549
0:04:00.103, 42491.199, 706
0:04:00.203, 42491.872, 576
0:04:00.303, 42491.026, 635
0:04:00.403, 42491.410, 532
0:04:00.503, 42491.588, 679
0:04:00.603, 42491.142, 610
0:04:00.703, 42491.660, 686
0:04:00.803, 42491.410, 613
0:04:00.903, 42491.199, 625
0:04:01.003, 42491.891, 615
0:04:01.103, 42491.045, 605
0:04:01.203, 42491.238, 447
0:04:01.303, 42492.006, 691
0:04:01.403, 42490.969, 759
0:04:01.503, 42491.391, 627
0:04:01.603, 42491.852, 425
0:04:01.704, 42491.180, 671
0:04:01.803, 42491.641, 535
0:04:01.903, 42491.679, 632
0:04:02.006, 42491.410, 688
0:04:02.103, 42491.872, 598
0:04:02.203, 42491.314, 515
0:04:02.303, 42491.338, 625
0:04:02.403, 42491.887, 435
0:04:02.503, 42490.857, 613
0:04:02.603, 42491.468, 647
0:04:02.704, 42491.622, 552
0:04:02.803, 42490.738, 442
0:04:02.903, 42491.699, 681
0:04:03.003, 42491.910, 496
0:04:03.103, 42491.526, 610
0:04:03.203, 42492.294, 476
0:04:03.303, 42491.718, 618
0:04:03.403, 42491.891, 583
0:04:03.503, 42491.925, 698
0:04:03.603, 42491.146, 535
0:04:03.703, 42491.449, 630
0:04:03.803, 42491.238, 647
0:04:03.903, 42490.661, 586
0:04:04.003, 42491.603, 471
0:04:04.103, 42491.814, 603
0:04:04.203, 42490.608, 674
0:04:04.303, 42491.829, 627
0:04:04.403, 42491.545, 498
0:04:04.503, 42490.819, 710
0:04:04.603, 42491.487, 632
0:04:04.703, 42490.930, 647
0:04:04.803, 42491.103, 486
0:04:04.903, 42491.276, 579
0:04:05.003, 42491.218, 559
0:04:05.103, 42491.453, 679
0:04:05.203, 42491.487, 627
0:04:05.303, 42490.949, 613
0:04:05.403, 42491.679, 513
0:04:05.503, 42491.545, 640
0:04:05.603, 42491.487, 701
0:04:05.703, 42492.525, 657
0:04:05.803, 42491.906, 444
0:04:05.903, 42491.718, 581
0:04:06.003, 42492.525, 537
0:04:06.103, 42491.641, 657
0:04:06.203, 42491.948, 603
0:04:06.303, 42492.083, 669
0:04:06.404, 42491.833, 503
0:04:06.505, 42492.463, 720
0:04:06.603, 42491.872, 586
0:04:06.703, 42491.852, 664
0:04:06.803, 42492.563, 493
0:04:06.903, 42492.198, 601
0:04:07.003, 42491.968, 586
0:04:07.103, 42492.828, 654
0:04:07.203, 42492.083, 483
0:04:07.303, 42492.333, 659
0:04:07.403, 42492.886, 496
0:04:07.503, 42492.198, 610
0:04:07.603, 42492.563, 537
0:04:07.703, 42492.886, 630
0:04:07.803, 42492.313, 564
0:04:07.903, 42492.986, 667
0:04:08.003, 42492.271, 452
0:04:08.103, 42492.256, 603
0:04:08.203, 42492.986, 679
0:04:08.303, 42491.948, 647
0:04:08.403, 42492.348, 493
0:04:08.503, 42492.909, 623
0:04:08.603, 42492.006, 481
0:04:08.703, 42492.390, 642
0:04:08.803, 42492.905, 466
0:04:08.903, 42491.929, 718
0:04:09.003, 42492.544, 596
0:04:09.103, 42492.540, 608
0:04:09.203, 42492.352, 569
0:04:09.303, 42492.698, 647
0:04:09.403, 42492.271, 581
0:04:09.503, 42492.794, 654
0:04:09.603, 42493.063, 498
0:04:09.704, 42492.348, 718
0:04:09.803, 42493.024, 701
0:04:09.903, 42493.231, 679
0:04:10.003, 42492.237, 557
0:04:10.103, 42493.193, 667
0:04:10.203, 42493.197, 554
0:04:10.303, 42492.198, 620
0:04:10.403, 42493.135, 483
0:04:10.503, 42493.120, 632
0:04:10.603, 42492.732, 457
0:04:10.703, 42493.255, 645
0:04:10.803, 42492.789, 688
0:04:10.903, 42493.159, 691
0:04:11.003, 42493.231, 706
0:04:11.103, 42492.698, 608
0:04:11.203, 42493.308, 518
0:04:11.303, 42493.178, 645
0:04:11.403, 42492.578, 454
0:04:11.503, 42493.389, 610
0:04:11.603, 42493.155, 654
0:04:11.703, 42492.640, 613
0:04:11.803, 42493.481, 706
0:04:11.903, 42492.967, 654
0:04:12.003, 42493.078, 486
0:04:12.103, 42493.658, 642
0:04:12.203, 42493.058, 535
0:04:12.303, 42493.520, 637
0:04:12.403, 42493.658, 684
0:04:12.503, 42493.327, 708
0:04:12.603, 42494.326, 476
0:04:12.703, 42494.173, 598
0:04:12.803, 42494.019, 623
0:04:12.903, 42494.941, 625
0:04:13.003, 42494.326, 659
0:04:13.103, 42494.057, 657
0:04:13.203, 42494.653, 503
0:04:13.303, 42494.000, 652
0:04:13.403, 42494.043, 676
0:04:13.503, 42494.269, 669
0:04:13.603, 42493.635, 688
0:04:13.703, 42493.904, 654
0:04:13.803, 42493.466, 554
0:04:13.903, 42493.212, 674
0:04:14.003, 42493.539, 537
0:04:14.103, 42493.293, 630
0:04:14.203, 42492.962, 532
0:04:14.303, 42493.812, 625
0:04:14.403, 42493.078, 493
0:04:14.503, 42493.212, 627
0:04:14.603, 42494.004, 498
0:04:14.703, 42493.116, 620
0:04:14.803, 42493.500, 537
0:04:14.904, 42493.793, 620
0:04:15.003, 42493.270, 562
0:04:15.103, 42493.635, 613
0:04:15.203, 42493.601, 513
0:04:15.303, 42493.423, 649
0:04:15.403, 42493.788, 498
0:04:15.503, 42492.755, 703
0:04:15.603, 42493.212, 500
0:04:15.703, 42493.370, 681
0:04:15.803, 42492.237, 522
0:04:15.903, 42492.886, 593
0:04:16.003, 42493.005, 486
0:04:16.103, 42492.079, 691
0:04:16.203, 42492.659, 647
0:04:16.303, 42492.947, 669
0:04:16.403, 42492.405, 496
0:04:16.503, 42492.717, 586
0:04:16.603, 42492.851, 535
0:04:16.703, 42492.674, 620
0:04:16.803, 42493.255, 564
0:04:16.903, 42492.674, 645
0:04:17.003, 42493.101, 588
0:04:17.104, 42493.193, 674
0:04:17.203, 42492.352, 544
0:04:17.303, 42493.347, 728
0:04:17.404, 42493.101, 630
0:04:17.503, 42492.617, 679
0:04:17.603, 42493.197, 559
0:04:17.703, 42493.078, 618
0:04:17.803, 42492.409, 537
0:04:17.903, 42493.255, 625
0:04:18.003, 42492.674, 581
0:04:18.103, 42492.640, 649
0:04:18.203, 42492.886, 579
0:04:18.303, 42492.198, 623
0:04:18.403, 42492.851, 527
0:04:18.503, 42492.789, 642
0:04:18.603, 42491.910, 684
0:04:18.703, 42492.967, 669
0:04:18.803, 42492.713, 593
0:04:18.903, 42491.833, 625
0:04:19.003, 42492.774, 522
0:04:19.103, 42492.198, 608
0:04:19.203, 42492.198, 588
0:04:19.303, 42492.789, 679
0:04:19.403, 42492.390, 601
0:04:19.503, 42492.352, 706
0:04:19.603, 42492.751, 498
0:04:19.703, 42492.217, 623
0:04:19.803, 42492.886, 613
0:04:19.903, 42492.275, 623
0:04:20.003, 42492.256, 483
0:04:20.103, 42492.890, 686
0:04:20.203, 42492.328, 627
0:04:20.303, 42492.044, 642
0:04:20.403, 42492.928, 566
0:04:20.503, 42491.814, 647
0:04:20.603, 42491.948, 601
0:04:20.703, 42492.770, 645
0:04:20.803, 42491.872, 459
0:04:20.903, 42491.968, 684
0:04:21.003, 42492.044, 574
0:04:21.103, 42491.468, 632
0:04:21.203, 42491.910, 535
0:04:21.303, 42491.756, 637
0:04:21.403, 42491.968, 513
0:04:21.503, 42492.463, 686
0:04:21.603, 42491.699, 503
0:04:21.703, 42492.006, 603
0:04:21.803, 42492.717, 498
0:04:21.903, 42491.487, 642
0:04:22.003, 42491.891, 461
0:04:22.103, 42492.405, 676
0:04:22.203, 42491.395, 461
0:04:22.303, 42491.829, 652
0:04:22.403, 42492.352, 452
0:04:22.503, 42491.526, 686
0:04:22.603, 42492.352, 479
0:04:22.703, 42491.929, 771
0:04:22.803, 42491.968, 566
0:04:22.903, 42492.352, 645
0:04:23.003, 42491.714, 483
0:04:23.103, 42492.121, 654
0:04:23.203, 42492.506, 610
0:04:23.303, 42491.583, 649
0:04:23.403, 42492.275, 481
0:04:23.503, 42492.578, 630
0:04:23.604, 42491.603, 496
0:04:23.704, 42492.486, 623
0:04:23.803, 42492.294, 522
0:04:23.903, 42491.737, 676
0:04:24.003, 42492.198, 527
0:04:24.103, 42491.987, 742
0:04:24.203, 42491.718, 459
0:04:24.303, 42492.252, 669
0:04:24.403, 42491.391, 476
0:04:24.503, 42492.121, 715
0:04:24.603, 42491.987, 583
0:04:24.703, 42491.314, 640
0:04:24.803, 42492.083, 618
0:04:24.903, 42491.948, 623
0:04:25.003, 42491.314, 698
0:04:25.103, 42492.179, 593
0:04:25.203, 42492.102, 505
0:04:25.303, 42491.391, 708
0:04:25.403, 42492.141, 562
0:04:25.503, 42491.583, 647
0:04:25.603, 42491.737, 581
0:04:25.703, 42491.944, 701
0:04:25.803, 42491.564, 513
0:04:25.903, 42491.872, 745
0:04:26.003, 42491.679, 454
0:04:26.103, 42491.045, 691
0:04:26.203, 42492.217, 488
0:04:26.303, 42491.660, 652
0:04:26.403, 42491.161, 547
0:04:26.503, 42492.275, 701
0:04:26.603, 42491.430, 505
0:04:26.703, 42491.334, 623
0:04:26.803, 42492.141, 452
0:04:26.903, 42491.430, 623
0:04:27.003, 42491.449, 596
0:04:27.104, 42491.872, 642
0:04:27.203, 42491.334, 759
0:04:27.303, 42491.603, 662
0:04:27.403, 42491.507, 664
0:04:27.504, 42491.391, 730
0:04:27.603, 42492.064, 537
0:04:27.703, 42491.410, 732
0:04:27.803, 42491.526, 471
0:04:27.903, 42492.486, 618
0:04:28.003, 42491.507, 754
0:04:28.103, 42491.852, 630
0:04:28.203, 42492.275, 718
0:04:28.303, 42491.449, 601
0:04:28.403, 42491.948, 500
0:04:28.503, 42492.467, 657
0:04:28.603, 42491.867, 530
0:04:28.703, 42492.237, 615
0:04:28.803, 42492.102, 581
0:04:28.903, 42491.948, 669
0:04:29.003, 42492.448, 493
0:04:29.103, 42491.737, 635
0:04:29.203, 42492.060, 549
0:04:29.303, 42492.409, 664
0:04:29.403, 42491.372, 576
0:04:29.503, 42491.872, 620
0:04:29.603, 42492.352, 586
0:04:29.703, 42491.161, 583
0:04:29.803, 42491.872, 752
0:04:29.903, 42492.044, 649
0:04:30.003, 42491.449, 520
0:04:30.103, 42492.409, 632
0:04:30.203, 42491.968, 510
0:04:30.303, 42491.810, 664
0:04:30.403, 42492.313, 693
0:04:30.503, 42491.795, 654
0:04:30.603, 42491.987, 520
0:04:30.703, 42492.448, 659
0:04:30.803, 42491.468, 630
0:04:30.903, 42491.929, 640
0:04:31.004, 42491.983, 479
0:04:31.103, 42491.107, 615
0:04:31.203, 42491.872, 654
0:04:31.303, 42491.887, 667
0:04:31.403, 42491.261, 515
0:04:31.503, 42492.002, 552
0:04:31.603, 42491.756, 537
0:04:31.703, 42491.718, 610
0:04:31.804, 42492.083, 513
0:04:31.903, 42491.430, 676
0:04:32.003, 42492.121, 520
0:04:32.103, 42492.102, 710
0:04:32.203, 42491.449, 652
0:04:32.303, 42492.678, 652
0:04:32.403, 42492.405, 657
0:04:32.503, 42491.718, 625
0:04:32.603, 42492.755, 759
0:04:32.703, 42492.294, 667
0:04:32.803, 42491.833, 505
0:04:32.903, 42492.828, 657
0:04:33.004, 42492.294, 576
0:04:33.103, 42492.141, 737
0:04:33.203, 42492.655, 579
0:04:33.303, 42492.064, 642
0:04:33.403, 42492.371, 515
0:04:33.503, 42492.429, 652
0:04:33.603, 42492.141, 530
0:04:33.703, 42492.789, 698
0:04:33.805, 42492.141, 593
0:04:33.903, 42492.160, 723
0:04:34.003, 42493.020, 481
0:04:34.104, 42492.448, 635
0:04:34.203, 42492.371, 493
0:04:34.303, 42493.289, 645
0:04:34.403, 42492.698, 520
0:04:34.503, 42492.713, 642
0:04:34.603, 42493.255, 601
0:04:34.703, 42492.789, 652
0:04:34.803, 42493.082, 664
0:04:34.903, 42493.116, 627
0:04:35.003, 42493.140, 586
0:04:35.103, 42493.520, 649
0:04:35.203, 42493.524, 583
0:04:35.303, 42493.385, 623
0:04:35.403, 42494.365, 627
0:04:35.503, 42493.251, 583
0:04:35.603, 42493.620, 515
0:04:35.703, 42494.499, 718
0:04:35.803, 42493.500, 605
0:04:35.903, 42493.827, 657
0:04:36.003, 42494.365, 513
0:04:36.103, 42493.735, 630
0:04:36.204, 42494.365, 750
0:04:36.303, 42494.019, 620
0:04:36.403, 42493.788, 505
0:04:36.503, 42494.288, 623
0:04:36.603, 42493.712, 532
0:04:36.703, 42493.850, 708
0:04:36.803, 42494.307, 574
0:04:36.903, 42493.423, 620
0:04:37.003, 42493.635, 496
0:04:37.103, 42494.269, 693
0:04:37.203, 42493.255, 486
0:04:37.304, 42493.846, 725
0:04:37.403, 42494.173, 486
0:04:37.503, 42493.236, 640
0:04:37.603, 42493.769, 667
0:04:37.703, 42493.865, 667
0:04:37.803, 42493.423, 618
0:04:37.903, 42494.100, 659
0:04:38.003, 42493.539, 667
0:04:38.103, 42494.115, 708
0:04:38.205, 42494.096, 583
0:04:38.304, 42493.293, 642
0:04:38.403, 42494.115, 574
0:04:38.503, 42494.269, 657
0:04:38.603, 42493.155, 457
0:04:38.704, 42494.000, 696
0:04:38.803, 42493.946, 444
0:04:38.904, 42492.982, 620
0:04:39.003, 42493.961, 500
0:04:39.103, 42493.505, 601
0:04:39.203, 42493.289, 610
0:04:39.303, 42493.500, 623
0:04:39.403, 42493.332, 605
0:04:39.503, 42493.654, 720
0:04:39.603, 42493.692, 640
0:04:39.703, 42493.216, 654
0:04:39.803, 42494.019, 486
0:04:39.903, 42493.712, 671
0:04:40.003, 42493.043, 564
0:04:40.103, 42493.923, 652
0:04:40.203, 42493.270, 608
0:04:40.304, 42492.544, 718
0:04:40.403, 42493.385, 469
0:04:40.503, 42492.640, 667
0:04:40.603, 42492.525, 615
0:04:40.703, 42493.058, 671
0:04:40.803, 42492.506, 498
0:04:40.903, 42492.732, 669
0:04:41.003, 42492.717, 525
0:04:41.103, 42492.467, 583
0:04:41.203, 42493.039, 703
0:04:41.303, 42492.947, 632
0:04:41.404, 42492.467, 498
0:04:41.503, 42493.808, 693
0:04:41.603, 42492.943, 715
0:04:41.703, 42492.717, 676
0:04:41.803, 42493.347, 449
0:04:41.903, 42492.448, 618
0:04:42.003, 42492.429, 625
0:04:42.103, 42493.116, 693
0:04:42.203, 42492.390, 542
0:04:42.303, 42492.640, 759
0:04:42.403, 42492.789, 493
0:04:42.503, 42492.275, 598
0:04:42.603, 42492.967, 696
0:04:42.703, 42492.501, 613
0:04:42.803, 42492.371, 500
0:04:42.903, 42493.024, 654
0:04:43.003, 42492.271, 542
0:04:43.103, 42492.294, 664
0:04:43.203, 42493.043, 452
0:04:43.303, 42492.136, 701
0:04:43.403, 42492.563, 601
0:04:43.503, 42493.120, 750
0:04:43.603, 42492.309, 581
0:04:43.703, 42492.774, 676
0:04:43.803, 42492.809, 527
0:04:43.903, 42492.313, 662
0:04:44.003, 42492.851, 693
0:04:44.104, 42492.348, 730
0:04:44.203, 42492.237, 676
0:04:44.303, 42493.005, 598
0:04:44.403, 42491.948, 586
0:04:44.503, 42492.463, 662
0:04:44.603, 42493.024, 598
0:04:44.703, 42491.795, 701
0:04:44.803, 42492.506, 518
0:04:44.903, 42492.770, 593
0:04:45.003, 42492.064, 525
0:04:45.103, 42492.544, 620
0:04:45.203, 42492.655, 466
0:04:45.303, 42492.121, 627
0:04:45.403, 42492.640, 586
0:04:45.503, 42492.275, 667
0:04:45.603, 42492.501, 718
0:04:45.703, 42492.602, 625
0:04:45.803, 42492.102, 479
0:04:45.903, 42492.655, 710
0:04:46.003, 42492.813, 730
0:04:46.103, 42491.929, 679
0:04:46.203, 42493.001, 515
0:04:46.303, 42492.851, 625
0:04:46.403, 42492.064, 591
0:04:46.503, 42492.751, 684
0:04:46.603, 42492.698, 522
0:04:46.703, 42492.429, 610
0:04:46.803, 42492.809, 569
0:04:46.903, 42492.563, 679
0:04:47.003, 42492.698, 530
0:04:47.103, 42492.847, 654
0:04:47.203, 42492.121, 476
0:04:47.303, 42493.078, 596
0:04:47.403, 42492.640, 508
0:04:47.503, 42492.160, 593
0:04:47.603, 42492.943, 688
0:04:47.703, 42492.832, 608
0:04:47.803, 42492.198, 493
0:04:47.903, 42493.155, 645
0:04:48.003, 42492.928, 554
0:04:48.103, 42492.678, 691
0:04:48.203, 42493.327, 532
0:04:48.303, 42492.866, 732
0:04:48.403, 42493.082, 659
0:04:48.503, 42493.212, 627
0:04:48.604, 42492.755, 767
0:04:48.703, 42493.308, 659
0:04:48.803, 42492.832, 583
0:04:48.903, 42492.409, 659
0:04:49.003, 42493.404, 596
0:04:49.103, 42492.755, 740
0:04:49.203, 42492.636, 510
0:04:49.303, 42493.408, 659
0:04:49.403, 42492.732, 466
0:04:49.503, 42492.506, 684
0:04:49.603, 42493.082, 466
0:04:49.703, 42492.636, 574
0:04:49.803, 42492.755, 598
0:04:49.903, 42492.809, 671
0:04:50.003, 42492.506, 566
0:04:50.103, 42493.251, 635
0:04:50.203, 42492.736, 557
0:04:50.303, 42492.813, 632
0:04:50.403, 42493.865, 708
0:04:50.503, 42492.828, 645
0:04:50.603, 42493.005, 464
0:04:50.703, 42493.885, 630
0:04:50.803, 42492.794, 674
0:04:50.903, 42493.097, 591
0:04:51.003, 42493.408, 479
0:04:51.103, 42492.847, 623
0:04:51.203, 42493.216, 564
0:04:51.303, 42493.231, 706
0:04:51.403, 42492.851, 508
0:04:51.503, 42493.251, 637
0:04:51.603, 42492.851, 532
0:04:51.703, 42492.866, 750
0:04:51.803, 42493.505, 593
0:04:51.903, 42492.636, 688
0:04:52.003, 42493.140, 574
0:04:52.103, 42493.616, 640
0:04:52.203, 42492.813, 488
0:04:52.303, 42493.251, 620
0:04:52.403, 42493.404, 525
0:04:52.503, 42492.506, 632
0:04:52.603, 42493.120, 566
0:04:52.703, 42492.886, 618
0:04:52.803, 42492.755, 559
0:04:52.903, 42493.308, 745
0:04:53.003, 42492.582, 557
0:04:53.103, 42492.982, 698
0:04:53.203, 42493.293, 515
0:04:53.303, 42492.405, 686
0:04:53.403, 42493.236, 486
0:04:53.503, 42493.500, 645
0:04:53.603, 42492.448, 713
0:04:53.703, 42493.347, 649
0:04:53.803, 42493.293, 605
0:04:53.903, 42492.732, 688
0:04:54.003, 42493.408, 532
0:04:54.103, 42493.289, 623
0:04:54.203, 42492.986, 564
0:04:54.303, 42493.347, 645
0:04:54.403, 42492.698, 544
0:04:54.503, 42493.270, 608
0:04:54.603, 42493.443, 486
0:04:54.703, 42492.602, 605
0:04:54.803, 42493.404, 510
0:04:54.903, 42493.043, 659
0:04:55.003, 42492.621, 508
0:04:55.103, 42493.443, 640
0:04:55.204, 42493.289, 520
0:04:55.303, 42492.582, 654
0:04:55.403, 42493.558, 686
0:04:55.503, 42492.928, 674
0:04:55.603, 42492.774, 635
0:04:55.703, 42493.462, 588
0:04:55.803, 42492.506, 530
0:04:55.903, 42492.617, 669
0:04:56.003, 42492.717, 457
0:04:56.103, 42492.121, 627
0:04:56.203, 42493.289, 486
0:04:56.303, 42492.486, 715
0:04:56.404, 42492.693, 615
0:04:56.503, 42493.697, 667
0:04:56.603, 42492.751, 530
0:04:56.703, 42492.909, 601
0:04:56.803, 42493.443, 491
0:04:56.903, 42493.043, 630
0:04:57.003, 42493.270, 579
0:04:57.103, 42493.577, 579
0:04:57.203, 42493.120, 562
0:04:57.303, 42493.769, 620
0:04:57.403, 42493.404, 508
0:04:57.503, 42493.466, 674
0:04:57.603, 42494.096, 520
0:04:57.703, 42493.500, 657
0:04:57.809, 42493.485, 547
0:04:57.903, 42494.288, 620
0:04:58.003, 42493.212, 493
0:04:58.103, 42493.370, 579
0:04:58.203, 42494.019, 596
0:04:58.303, 42493.135, 625
0:04:58.403, 42493.428, 562
0:04:58.504, 42493.846, 679
0:04:58.603, 42493.481, 447
0:04:58.703, 42494.057, 627
0:04:58.803, 42493.697, 559
0:04:58.903, 42493.635, 686
0:04:59.003, 42494.096, 510
0:04:59.103, 42493.327, 625
0:04:59.203, 42494.043, 676
0:04:59.303, 42494.211, 588
0:04:59.403, 42493.193, 530
