,Piksi Time,Lat Piksi,Lon Piksi,Lat Mav,Lon Mav,Mag,Lamor,Laser
0,330551722.5225225,49.2562408447266,-122.92263031005899,49.255826064788735,-122.92220302676056,42981.774000000005,212,0.12
1,330551812.6126126,49.2562408447266,-122.92263031005899,49.2558267,-122.9222036,42973.314000000006,313,0.12
2,330551902.7027027,49.2562408447266,-122.92263031005899,49.255827135074625,-122.92220411417911,42988.695,122,0.12
3,330551992.7927928,49.2562408447266,-122.92263031005899,49.2558274504,-122.92220473280001,42986.012,278,0.11293233082706766
4,330552101.8518519,49.2562408447266,-122.92263031005899,49.255825610399995,-122.92220385280001,42976.505,269,0.11
5,330552194.4444444,49.2562408447266,-122.92263031005899,49.2558255,-122.9222038,42970.203,320,0.11344
6,330552294.94949496,49.2562408447266,-122.92263031005899,49.25582768358209,-122.9222055238806,42978.566,73,0.12
7,330552402.2222222,49.2562408447266,-122.92263031005899,49.2558293,-122.9222068,42964.505,305,0.12
8,330552476.2962963,49.2562408447266,-122.92263031005899,49.25582863333333,-122.9222064,42978.117,105,0.12
9,330552588.3116883,49.2562408447266,-122.92263031005899,49.2558263,-122.922205,42982.221,278,0.15648000000000004
10,330552702.72727275,49.2562408447266,-122.92263031005899,49.2558263,-122.922205,42982.045999999995,234,0.1652884615384615
11,330552793.6363636,49.2562408447266,-122.92263031005899,49.25582527614679,-122.92220448807339,42980.041,291,0.13644230769230767
12,330552897.8947368,49.2562408447266,-122.92263031005899,49.2558251,-122.9222044,42978.916,220,0.12
13,330552995.1456311,49.2562408447266,-122.92263031005899,49.255826402,-122.92220560899999,42973.042,317,0.12
14,330553095.0,49.2562408447266,-122.92263031005899,49.255826408333334,-122.922205675,42983.797,232,0.12245192307692307
15,330553195.0,49.2562408447266,-122.92263031005899,49.2558254,-122.9222054,42981.03400000001,273,0.1272596153846154
16,330553294.0594059,49.2562408447266,-122.92263031005899,49.25582560833333,-122.92220558333332,42981.189000000006,327,0.12785000000000002
17,330553395.9183673,49.2562408447266,-122.92263031005899,49.2558279,-122.9222076,42969.503,261,0.12285
18,330553495.04950494,49.2562408447266,-122.92263031005899,49.2558279,-122.9222076,42988.248,269,0.12
19,330553595.0,49.2562408447266,-122.92263031005899,49.255834298449614,-122.92221190232559,42973.879,315,0.12
20,330553701.8518519,49.2562408447266,-122.92263031005899,49.25583414341086,-122.92221213488371,42976.46400000001,176,0.12
21,330553794.4444444,49.2562408447266,-122.92263031005899,49.2558341,-122.9222122,42972.109000000004,298,0.12
22,330553894.0,49.2562408447266,-122.92263031005899,49.25583102929293,-122.92221058383839,42983.310999999994,298,0.12
23,330553994.94949496,49.2562408447266,-122.92263031005899,49.2558303,-122.9222102,42986.109000000004,256,0.12
24,330554094.0594059,49.2562408447266,-122.92263031005899,49.2558303,-122.9222102,42980.08,291,0.12
25,330554194.94949496,49.2562408447266,-122.92263031005899,49.255827875,-122.92220867314815,42985.06,271,0.12
26,330554295.0,49.2562408447266,-122.92263031005899,49.255823027522936,-122.92220580550459,42988.832,303,0.12
27,330554394.0594059,49.2562408447266,-122.92262372783587,49.255822,-122.9222052,42987.665,293,0.12
28,330554475.2,49.2562408447266,-122.922622680664,49.25582601018519,-122.92220822407408,42984.883,200,0.12480000000000006
29,330554593.2432432,49.25623765710282,-122.922622680664,49.2558281,-122.9222098,42977.359000000004,303,0.14765714285714282
30,330554702.6785714,49.2562370300293,-122.922622680664,49.25582819518072,-122.92221046626506,42973.627,173,0.13700000000000012
31,330554791.96428573,49.2562370300293,-122.922622680664,49.2558282,-122.9222105,42987.975,317,0.11
32,330554894.8453608,49.2562370300293,-122.92262937584736,49.25583124678899,-122.9222127293578,42985.293,127,0.11
33,330554994.94949496,49.2562370300293,-122.92263031005899,49.2558323,-122.9222135,42988.812000000005,281,0.11
34,330555095.0,49.2562370300293,-122.92263031005899,49.2558302661017,-122.92221241525424,42994.393,286,0.11
35,330555195.0,49.2562370300293,-122.92263031005899,49.2558293,-122.9222119,42982.649000000005,378,0.11
36,330555295.0,49.2562370300293,-122.92263031005899,49.25583192826087,-122.92221419130435,42981.384000000005,83,0.11
37,330555400.0,49.2562370300293,-122.92263031005899,49.2558332,-122.9222153,42972.09,242,0.11
38,330555497.0873786,49.2562370300293,-122.92263031005899,49.255833428037384,-122.92221609813085,42987.198,276,0.11
39,330555593.2692308,49.2562370300293,-122.92263031005899,49.2558336,-122.9222167,42976.212999999996,217,0.11
40,330555700.0,49.2562370300293,-122.92263031005899,49.2558336,-122.92221705,42992.39,168,0.11143712574850316
41,330555802.0408163,49.2562370300293,-122.92263031005899,49.2558336,-122.9222174,42991.768,305,0.14736526946107792
42,330555903.66972476,49.2562370300293,-122.92263031005899,49.25583287631579,-122.92221732763157,42989.78400000001,125,0.17
43,330555995.41284406,49.2562370300293,-122.92263031005899,49.2558326,-122.9222173,42989.785,237,0.16780303030303031
44,330556095.0,49.2562370300293,-122.92263031005899,49.25583340650407,-122.92221785447154,42990.445,198,0.16022727272727275
45,330556195.0,49.2562370300293,-122.92263031005899,49.2558342,-122.9222184,42978.292,364,0.1204081632653059
46,330556296.0,49.2562370300293,-122.92263031005899,49.255834246153846,-122.92221849230769,42995.812000000005,129,0.08078431372549046
47,330556395.0,49.2562370300293,-122.92263031005899,49.2558343,-122.9222186,42984.514,276,0.11960784313725478
48,330556476.0,49.2562370300293,-122.92263031005899,49.25583587115384,-122.92221975769232,42987.957,229,0.15882352941176467
49,330556590.90909094,49.2562370300293,-122.92263031005899,49.2558381,-122.9222214,42986.615,359,0.1551630434782609
50,330556693.93939394,49.2562370300293,-122.92263031005899,49.255837882407405,-122.9222211824074,42989.977999999996,112,0.1497584541062802
51,330556801.9230769,49.2562370300293,-122.92263031005899,49.2558376,-122.9222209,42984.924000000006,249,0.1449275362318841
52,330556898.0769231,49.2562370300293,-122.92263031005899,49.255837856097564,-122.92222093658536,42993.187000000005,186,0.14009661835748796
53,330556993.3333333,49.2562370300293,-122.92263031005899,49.2558383,-122.922221,42985.602999999996,291,0.14487562189054726
54,330557093.93939394,49.2562370300293,-122.92263031005899,49.255837793,-122.92222068800001,42982.513,308,0.14985074626865671
55,330557194.0,49.2562370300293,-122.92263031005899,49.255837,-122.9222202,42987.801,291,0.14514999999999997
56,330557294.0,49.2562370300293,-122.92263031005899,49.25583584285714,-122.92221955714285,42987.742,298,0.14015000000000002
57,330557394.0,49.2562370300293,-122.92263031005899,49.2558343,-122.9222187,42973.86,254,0.13531400966183577
58,330557493.0693069,49.2562370300293,-122.92263031005899,49.25583412608696,-122.92221894347826,42991.301,168,0.1304830917874396
59,330557593.0,49.2562370300293,-122.92263031005899,49.2558338,-122.9222194,42991.068,305,0.13
60,330557693.93939394,49.25623371625185,-122.92263031005899,49.25583301428571,-122.92221929285715,42991.261,176,0.13
61,330557802.02020204,49.256233215332,-122.92263031005899,49.2558316,-122.9222191,42988.093,247,0.13
62,330557902.7777778,49.256233215332,-122.92263031005899,49.25583148571429,-122.92221911428571,42982.299000000006,173,0.13
63,330557995.3703704,49.256233215332,-122.92263031005899,49.2558308,-122.9222192,42986.905999999995,332,0.1257560975609756
64,330558095.04950494,49.256233215332,-122.92263031005899,49.25583052380952,-122.92221917238095,42981.364,183,0.1208292682926829
65,330558194.0,49.256233215332,-122.92263031005899,49.2558298,-122.9222191,42976.874,281,0.14135416666666684
66,330558294.0,49.256233215332,-122.92263031005899,49.255829639999995,-122.922219228,42994.35400000001,149,0.1673958333333334
67,330558394.0,49.256233215332,-122.92263031005899,49.2558293,-122.9222195,42987.975999999995,332,0.17
68,330558475.2,49.256233215332,-122.92263031005899,49.25582911944444,-122.92221947222224,42983.465,144,0.17
69,330558593.2432432,49.256233215332,-122.92263031005899,49.255828,-122.9222193,42984.359000000004,308,0.14445000000000008
70,330558692.2330097,49.256233215332,-122.9226368283762,49.255828089999994,-122.922219525,42987.393,100,0.10944999999999978
71,330558800.0,49.256233215332,-122.922637939453,49.2558286,-122.9222208,42970.805,298,0.10380208333333335
72,330558898.0392157,49.256233215332,-122.922637939453,49.255828575,-122.92222105,42988.462,239,0.10901041666666667
73,330558995.1456311,49.256233215332,-122.922637939453,49.2558285,-122.9222218,42980.179000000004,327,0.11405000000000001
74,330559094.0594059,49.256233215332,-122.922637939453,49.25582858152174,-122.92222194673913,42964.583,164,0.11904999999999999
75,330559195.959596,49.256233215332,-122.922637939453,49.255829,-122.9222227,42986.615999999995,315,0.11633928571428573
76,330559295.0,49.256233215332,-122.92263130188022,49.255829,-122.9222227,42977.202000000005,181,0.11191964285714286
77,330559393.1372549,49.256233215332,-122.92263031005899,49.2558294,-122.9222234,42975.222,376,0.11306010928961754
78,330559493.0,49.256233215332,-122.92263031005899,49.25582931071428,-122.92222347142857,42976.289000000004,200,0.11852459016393446
79,330559593.0,49.256233215332,-122.92263031005899,49.2558289,-122.9222238,42979.926,288,0.14555
80,330559692.0792079,49.256233215332,-122.92263031005899,49.255828615,-122.92222377,42997.931,317,0.18054999999999968
81,330559798.9247312,49.256233215332,-122.92263031005899,49.255827,-122.9222236,42991.53400000001,278,0.15981566820276474
82,330559902.7777778,49.256233215332,-122.92263031005899,49.255827,-122.9222236,42989.473,193,0.1321658986175112
83,330559995.3703704,49.256233215332,-122.92263031005899,49.2558263728,-122.92222367839999,42996.454000000005,286,0.12
84,330560094.0594059,49.256233215332,-122.92263031005899,49.255825032,-122.922223043,42990.25,164,0.12
85,330560194.0,49.25623656764174,-122.92263031005899,49.2558246,-122.9222228,42995.599,347,0.1227011494252873
86,330560294.0,49.2562370300293,-122.92263031005899,49.25582415,-122.92222255,42989.337,330,0.128448275862069
87,330560394.94949496,49.2562370300293,-122.92263031005899,49.2558228,-122.9222218,42999.60400000001,330,0.13
88,330560476.0,49.2562370300293,-122.92263031005899,49.2558228,-122.9222218,42994.684,198,0.12703703703703703
89,330560590.90909094,49.2562370300293,-122.92263031005899,49.25582208148148,-122.92222224907408,42995.695,293,0.1224074074074074
90,330560693.93939394,49.2562370300293,-122.92263031005899,49.255822,-122.9222223,42987.899000000005,144,0.11760000000000001
91,330560801.980198,49.2562370300293,-122.92263031005899,49.255822972000004,-122.92222351500001,42991.67,283,0.11259999999999996
92,330560900.9433962,49.2562370300293,-122.92263031005899,49.2558232,-122.9222238,43000.712,156,0.11260869565217392
93,330560995.2830189,49.2562370300293,-122.92263031005899,49.25582133944954,-122.92222318899083,42997.581,237,0.11804347826086958
94,330561095.04950494,49.2562370300293,-122.92263031005899,49.25582032018349,-122.92222300366971,42998.53400000001,188,0.12
95,330561194.0,49.2562370300293,-122.92263031005899,49.2558203,-122.922223,42977.593,378,0.12
96,330561294.0,49.2562370300293,-122.92263031005899,49.2558185152,-122.9222225344,42998.126,181,0.12
97,330561394.0,49.2562370300293,-122.92263031005899,49.255818,-122.9222224,42994.937000000005,322,0.12
98,330561501.8518519,49.2562370300293,-122.92263031005899,49.255816704000004,-122.922222472,42994.529,198,0.12
99,330561594.4444444,49.2562370300293,-122.92263031005899,49.2558162,-122.9222225,42982.959,320,0.12
100,330561694.94949496,49.2562370300293,-122.92263031005899,49.25581504684685,-122.92222213963964,42986.168,190,0.12
101,330561791.34615386,49.2562370300293,-122.92263031005899,49.2558146,-122.922222,42997.834,259,0.12
102,330561901.8348624,49.2562370300293,-122.92263031005899,49.2558146,-122.922222,42983.115,317,0.12
103,330561993.57798165,49.2562370300293,-122.92263031005899,49.25581218305085,-122.92222059661016,42986.401,259,0.12155963302752297
104,330562093.93939394,49.25623371625185,-122.92263031005899,49.255811261290326,-122.9222201403226,42992.682,247,0.1261467889908257
105,330562194.0,49.256233215332,-122.92263031005899,49.2558111,-122.9222201,42994.568,317,0.1290909090909091
106,330562295.959596,49.256233215332,-122.92263031005899,49.2558111,-122.92222018152175,43001.82,190,0.12335227272727269
107,330562394.0594059,49.256233215332,-122.92263031005899,49.2558111,-122.9222202,42981.092000000004,259,0.13111111111111132
108,330562475.2,49.256233215332,-122.92263031005899,49.255810887179486,-122.9222202,42983.232,208,0.15888888888888886
109,330562592.0,49.256233215332,-122.92263031005899,49.2558108,-122.9222202,42990.057,354,0.17181818181818212
110,330562694.0,49.256233215332,-122.92263031005899,49.2558108,-122.9222202,42986.42,308,0.13772727272727317
111,330562793.0693069,49.256233215332,-122.92263031005899,49.25581013684211,-122.92222027368422,42982.474,330,0.12
112,330562894.8979592,49.256233215332,-122.92263031005899,49.25581067777778,-122.92222107777776,42984.378,176,0.12
113,330563001.8348624,49.256233215332,-122.92263031005899,49.2558113,-122.9222217,42989.803,242,0.12
114,330563093.57798165,49.256233215332,-122.92263031005899,49.255809887096774,-122.92222107204302,42993.11,330,0.12
115,330563193.93939394,49.256233215332,-122.92263031005899,49.2558095,-122.9222209,42984.3,266,0.12
116,330563294.0,49.256233215332,-122.92263031005899,49.255809059,-122.922220711,42987.937999999995,176,0.12
117,330563394.0,49.256233215332,-122.92263031005899,49.2558088,-122.9222206,42998.145,308,0.11866359447004607
118,330563493.0693069,49.256233215332,-122.92263031005899,49.2558084976,-122.92222049920001,42996.78400000001,178,0.11405529953917048
119,330563593.93939394,49.256233215332,-122.92263031005899,49.2558082,-122.9222204,42984.028,320,0.11289156626506035
120,330563694.0,49.256233215332,-122.92263031005899,49.25580799402985,-122.9222203313433,42986.575999999994,117,0.13698795180722886
121,330563792.15686274,49.256233215332,-122.92263031005899,49.2558079,-122.9222203,42986.887,227,0.15
122,330563892.9292929,49.256233215332,-122.92263031005899,49.25580703846153,-122.92221954615385,42989.356,125,0.14978142076502723
123,330564001.8518519,49.25623674290154,-122.92263031005899,49.2558063,-122.9222189,42983.816,334,0.14431693989071037
124,330564094.4444444,49.2562370300293,-122.92263031005899,49.25580642916667,-122.92221896458332,42990.172999999995,146,0.1390540540540541
125,330564193.0693069,49.2562370300293,-122.92263031005899,49.2558065,-122.922219,42986.692,322,0.13454954954954962
126,330564293.93939394,49.2562370300293,-122.92263031005899,49.2558057826087,-122.92221853369566,42992.428,115,0.13004504504504502
127,330564394.0,49.2562370300293,-122.92263031005899,49.2558045,-122.9222177,42984.282,225,0.13
128,330564475.2,49.2562370300293,-122.92263031005899,49.255804455434784,-122.9222177,42987.178,132,0.13
129,330564600.93457943,49.2562370300293,-122.92263031005899,49.2558044,-122.9222177,42989.78400000001,398,0.13
130,330564694.39252335,49.2562370300293,-122.92263031005899,49.25580414456522,-122.9222177,42987.335,303,0.12880341880341886
131,330564791.2621359,49.2562370300293,-122.92263031005899,49.2558039,-122.9222177,42984.145,310,0.12025641025641011
132,330564892.85714287,49.2562370300293,-122.92263031005899,49.255803736956516,-122.9222177326087,42992.642,132,0.12
133,330565001.8518519,49.2562370300293,-122.92263031005899,49.2558034,-122.9222178,42974.852999999996,298,0.12
134,330565094.4444444,49.2562370300293,-122.92263031005899,49.255803253125,-122.922217946875,42976.114,159,0.12
135,330565194.0,49.2562370300293,-122.92263031005899,49.2558031,-122.9222181,42988.19,278,0.12
136,330565293.0693069,49.2562370300293,-122.92263031005899,49.25580118369565,-122.92221697826088,42987.761,205,0.12
137,330565393.93939394,49.2562370300293,-122.92263031005899,49.255799,-122.9222157,42985.274000000005,291,0.12
138,330565494.0,49.2562370300293,-122.92263031005899,49.2557980616,-122.92221504719998,42982.513,132,0.12
139,330565594.0,49.2562370300293,-122.92263031005899,49.2557967,-122.9222141,42963.359000000004,295,0.12
140,330565694.0,49.2562370300293,-122.92263031005899,49.2557963313253,-122.92221377228915,42990.075,298,0.12409836065573766
141,330565793.0693069,49.2562370300293,-122.92263031005899,49.2557949,-122.9222125,42982.687000000005,305,0.1295628415300547
142,330565893.93939394,49.2562370300293,-122.92263031005899,49.25579389166667,-122.92221173611112,42985.915,107,0.13
143,330566000.93457943,49.2562370300293,-122.92263031005899,49.2557916,-122.92221,42979.596,315,0.13
144,330566094.39252335,49.2562370300293,-122.92263031005899,49.255790857425744,-122.9222096039604,42982.375,342,0.13
145,330566194.0,49.2562370300293,-122.92263031005899,49.2557886,-122.9222084,42977.72900000001,276,0.13
146,330566294.94949496,49.256240382339044,-122.92263031005899,49.25578808484849,-122.9222080969697,42985.545999999995,188,0.14778846153846192
147,330566394.11764705,49.2562408447266,-122.92263031005899,49.2557852,-122.9222064,42982.39599999999,378,0.17206730769230782
148,330566474.4,49.2562408447266,-122.92263031005899,49.255784588235294,-122.9222059764706,42991.418,181,0.15249999999999972
149,330566590.6666667,49.2562408447266,-122.92263031005899,49.2557826,-122.9222046,42993.53599999999,322,0.11083333333333324
150,330566694.8979592,49.2562408447266,-122.92263031005899,49.25578244587156,-122.92220453394496,42984.904,298,0.10368159203980098
151,330566792.2330097,49.2562408447266,-122.92263031005899,49.2557819,-122.9222043,42973.957,283,0.10865671641791048
152,330566892.0,49.2562408447266,-122.92263031005899,49.25578178717949,-122.92220423418803,43000.595,146,0.11
153,330567000.0,49.2562408447266,-122.92263031005899,49.25578076153846,-122.92220363589745,42986.867,273,0.11
154,330567094.3396226,49.2562408447266,-122.92263031005899,49.255780664835164,-122.92220356703295,42971.526,134,0.11
155,330567194.0,49.2562408447266,-122.92263031005899,49.2557791,-122.9222021,42971.41,278,0.11
156,330567293.0693069,49.2562408447266,-122.92263031005899,49.2557792,-122.92220215,42976.23,88,0.11
157,330567394.8979592,49.2562408447266,-122.92263031005899,49.2557801,-122.9222026,42977.808,264,0.11
158,330567491.34615386,49.2562408447266,-122.92263031005899,49.25578035,-122.92220277999999,42988.539000000004,288,0.11
159,330567592.85714287,49.2562408447266,-122.92263031005899,49.25578262586207,-122.92220444310345,42984.885,339,0.11
160,330567694.8979592,49.2562408447266,-122.92263031005899,49.25578288448276,-122.92220487413793,42986.42,244,0.11
161,330567793.1372549,49.2562408447266,-122.92263031005899,49.2557829,-122.9222049,42979.324,400,0.11
162,330567892.0792079,49.2562408447266,-122.92263031005899,49.255782926,-122.922204922,42993.614,403,0.11
163,330567991.0891089,49.2562408447266,-122.92263031005899,49.2557842,-122.922206,42985.02099999999,339,0.11
164,330568100.93457943,49.2562408447266,-122.92263031005899,49.255784203,-122.922206006,42974.249,339,0.11
165,330568194.39252335,49.2562408447266,-122.92263031005899,49.2557845,-122.9222066,42979.867999999995,315,0.11
166,330568294.94949496,49.2562408447266,-122.92263031005899,49.25578468791209,-122.92220672857144,42973.547,410,0.11
167,330568395.0,49.2562408447266,-122.92263031005899,49.2557864,-122.9222079,42999.468,300,0.11
168,330568476.0,49.2562408447266,-122.92263031005899,49.25578643035714,-122.92220792053571,42984.32,127,0.12764705882352928
169,330568587.5,49.2562408447266,-122.92263031005899,49.25578946607143,-122.92220997410715,42965.596,322,0.1570588235294125
170,330568692.78350514,49.2562408447266,-122.92263031005899,49.2557902,-122.9222106,42978.933,195,0.15599999999999997
171,330568792.0792079,49.2562408447266,-122.92263031005899,49.2557902,-122.9222106,42961.184,222,0.13099999999999995
172,330568890.1960784,49.2562408447266,-122.92263031005899,49.2557902,-122.9222106,42971.915,117,0.12
173,330568992.78350514,49.2562408447266,-122.92263031005899,49.2557925119403,-122.92221218955224,42975.414000000004,293,0.12
174,330569100.93457943,49.2562408447266,-122.92263031005899,49.25579437761194,-122.92221368208955,42985.195999999996,115,0.12246073298429323
175,330569194.39252335,49.2562408447266,-122.92263031005899,49.2557949,-122.9222141,42978.914000000004,334,0.127696335078534
176,330569294.0,49.2562408447266,-122.92263031005899,49.255798301999995,-122.92221653,42978.390999999996,88,0.13
177,330569394.0,49.2562408447266,-122.92263031005899,49.2557991,-122.9222171,42970.514,393,0.13
178,330569493.0693069,49.25624411997167,-122.92262375956835,49.25579911025641,-122.9222171068376,42990.524000000005,110,0.12482758620689664
179,330569593.93939394,49.2562446594238,-122.922622680664,49.255799623076925,-122.92221744871796,42976.812999999995,356,0.12
180,330569693.0693069,49.2562446594238,-122.922622680664,49.25580120806451,-122.92221839112904,42975.532999999996,261,0.12
181,330569793.0,49.2562446594238,-122.92262911329115,49.2558019,-122.9222188,42989.143,308,0.12
182,330569893.93939394,49.2562446594238,-122.92263031005899,49.255801936000005,-122.92221881199998,42979.652,195,0.12
183,330569994.0,49.2562446594238,-122.92263031005899,49.2558037,-122.9222194,42972.383,308,0.12
184,330570093.0693069,49.2562446594238,-122.92263031005899,49.2558037,-122.9222194,42990.872,115,0.12
185,330570193.93939394,49.2562446594238,-122.92263031005899,49.25580377948718,-122.92221852564104,42980.14,286,0.12346534653465345
186,330570294.0,49.2562446594238,-122.92263031005899,49.2558038,-122.92221755652174,42996.10400000001,247,0.1333663366336634
187,330570394.0,49.2562479505352,-122.92263031005899,49.2558038,-122.9222174,42981.053,371,0.14165829145728634
188,330570475.2,49.2562484741211,-122.92263031005899,49.255805704000004,-122.922218284,42977.651,244,0.14668341708542715
189,330570592.1052632,49.2562484741211,-122.92263031005899,49.2558066,-122.9222187,42987.918,322,0.14824120603015076
190,330570693.93939394,49.2562484741211,-122.92263031005899,49.2558066,-122.9222187,42972.867,244,0.1432663316582915
191,330570792.2330097,49.2562484741211,-122.92263031005899,49.2558110991453,-122.92222086923077,42967.28599999999,256,0.1382775119617226
192,330570891.9191919,49.2562484741211,-122.92263031005899,49.2558152962963,-122.92222266666667,42969.602999999996,439,0.13354066985645943
193,330570993.877551,49.2562484741211,-122.92263031005899,49.2558166,-122.9222232,42984.087,254,0.13
194,330571092.15686274,49.2562484741211,-122.92263031005899,49.25581715779816,-122.92222285137615,42975.58900000001,144,0.13
195,330571193.877551,49.2562484741211,-122.92263031005899,49.2558174,-122.9222227,42960.655999999995,342,0.13
196,330571292.15686274,49.2562484741211,-122.92263031005899,49.2558174,-122.9222227,42981.71599999999,203,0.13
197,330571393.877551,49.2562484741211,-122.92263031005899,49.25582061208791,-122.92222408901098,42971.682,269,0.13379999999999997
198,330571491.2621359,49.2562484741211,-122.92263031005899,49.2558211,-122.9222243,42975.530999999995,198,0.13683333333333336
199,330571593.814433,49.2562484741211,-122.92263031005899,49.25582485128206,-122.92222594529915,42973.297,325,0.13090000000000004
200,330571693.0693069,49.2562484741211,-122.92263031005899,49.255829355555555,-122.92222796666667,42970.106,225,0.13589999999999997
201,330571793.0,49.2562484741211,-122.92263031005899,49.2558314,-122.9222289,42976.950999999994,300,0.14
202,330571892.0792079,49.2562484741211,-122.92263031005899,49.255836216666665,-122.92223180416667,42981.422999999995,308,0.14
203,330571994.8453608,49.2562484741211,-122.92263031005899,49.2558382,-122.922233,42964.761,300,0.13935960591132998
204,330572094.0594059,49.2562484741211,-122.92263031005899,49.2558396347826,-122.92223358695652,42964.292,200,0.13443349753694575
205,330572201.86915886,49.2562484741211,-122.92263031005899,49.2558404,-122.9222339,42967.91,344,0.13
206,330572295.3271028,49.2562484741211,-122.92263031005899,49.25584261739131,-122.92223481304347,42976.6,227,0.13
207,330572395.0,49.2562484741211,-122.92263031005899,49.2558438,-122.9222353,42970.515999999996,310,0.12951923076923086
208,330572475.3968254,49.2562484741211,-122.92263031005899,49.255845855555556,-122.92223624444445,42979.712999999996,342,0.12471153846153844
209,330572589.6103896,49.2562484741211,-122.92263031005899,49.2558475,-122.922237,42979.08900000001,315,0.12
210,330572692.0,49.2562484741211,-122.92263031005899,49.255848709090905,-122.92223711515152,42979.382000000005,110,0.12
211,330572793.0,49.2562484741211,-122.92263031005899,49.2558496,-122.9222372,42968.299000000006,354,0.12
212,330572892.0792079,49.2562484741211,-122.92263031005899,49.25585105,-122.92223749000001,42982.258,132,0.12
213,330572992.85714287,49.2562484741211,-122.92263031005899,49.2558521,-122.9222377,42979.402,215,0.12
214,330573093.0,49.2562484741211,-122.92263031005899,49.25585389375,-122.92223861875,42999.759000000005,234,0.12469194312796213
215,330573200.93457943,49.256244946551554,-122.92263031005899,49.2558562,-122.9222398,42982.239,278,0.12943127962085305
216,330573294.39252335,49.2562446594238,-122.92263031005899,49.2558562,-122.9222398,42983.115,271,0.13
217,330573394.94949496,49.2562446594238,-122.92263031005899,49.25585785488722,-122.92224049398496,42985.002,313,0.12
218,330573492.2330097,49.2562446594238,-122.92263031005899,49.255859718,-122.92224121400001,42979.849,249,0.12
219,330573597.87234044,49.2562446594238,-122.92263031005899,49.2558604,-122.9222414,42973.625,322,0.12
220,330573701.8348624,49.2562446594238,-122.92263031005899,49.25586162891566,-122.92224209638555,42983.405999999995,186,0.12
221,330573793.57798165,49.2562446594238,-122.92263031005899,49.2558634,-122.9222431,42983.602,339,0.1200495049504951
222,330573891.1764706,49.2562446594238,-122.92263031005899,49.25586441709402,-122.9222435940171,42977.806,447,0.12499999999999992
223,330573992.85714287,49.2562446594238,-122.92263031005899,49.2558669,-122.9222448,42962.541,361,0.1299504950495049
224,330574100.0,49.2562446594238,-122.92263031005899,49.25586817826087,-122.92224511956522,42989.22,430,0.13497487437185937
225,330574201.8518519,49.2562446594238,-122.92263031005899,49.2558697,-122.9222455,42971.721,339,0.14
226,330574294.4444444,49.2562446594238,-122.92263031005899,49.255870754,-122.922245976,42980.257000000005,144,0.14
227,330574394.94949496,49.2562479505352,-122.92263031005899,49.2558728,-122.9222469,42979.654,293,0.14
228,330574475.3968254,49.2562484741211,-122.92263031005899,49.255873946236555,-122.92224734731182,42989.551,264,0.135
229,330574589.6103896,49.2562484741211,-122.92263031005899,49.2558769,-122.9222485,42977.165,364,0.13
230,330574692.9292929,49.2562484741211,-122.92263031005899,49.255877725,-122.92224876400002,42989.259000000005,315,0.1252083333333334
231,330574791.1764706,49.2562484741211,-122.92263031005899,49.2558794,-122.9222493,42991.495,283,0.12
232,330574891.0,49.2562484741211,-122.92263031005899,49.2558804,-122.9222499,42985.934,249,0.12
233,330574993.814433,49.2562484741211,-122.92263031005899,49.2558834,-122.9222517,42969.387,281,0.12
234,330575094.0,49.2562484741211,-122.92263031005899,49.255884044,-122.92225202200001,42991.126,327,0.08827586206896462
235,330575200.0,49.2562484741211,-122.92263031005899,49.2558862,-122.9222531,42981.306,334,0.05379310344827562
236,330575294.3396226,49.2562484741211,-122.92263031005899,49.255886546296296,-122.92225332407408,42983.581,364,0.06521367521367548
237,330575394.0,49.2562484741211,-122.92263031005899,49.2558879,-122.9222542,42992.702000000005,349,0.08809045226130618
238,330575492.15686274,49.2562484741211,-122.92263031005899,49.25588814456522,-122.92225444456523,42983.29,227,0.11321608040200985
239,330575592.9292929,49.2562484741211,-122.92263031005899,49.2558894,-122.9222557,42981.130999999994,293,0.12354368932038838
240,330575695.9183673,49.2562484741211,-122.92263031005899,49.255889220408164,-122.92225561836734,42991.047999999995,208,0.12844660194174756
241,330575792.2330097,49.2562484741211,-122.92263031005899,49.2558883,-122.9222552,42981.092000000004,315,0.13
242,330575893.877551,49.2562484741211,-122.92263031005899,49.25588833119266,-122.92225529357798,42993.557,205,0.13
243,330575994.94949496,49.2562484741211,-122.92263031005899,49.2558885,-122.9222558,42985.155999999995,286,0.13
244,330576094.0594059,49.2562484741211,-122.92263031005899,49.2558885,-122.9222558,42990.057,178,0.13
245,330576200.0,49.2562484741211,-122.92263031005899,49.2558904,-122.9222569,42994.295,256,0.1269633507853403
246,330576296.15384614,49.2562484741211,-122.92263031005899,49.255890786363636,-122.92225719363637,42987.081,203,0.12172774869109937
247,330576396.0,49.2562484741211,-122.92263031005899,49.2558929,-122.9222588,42979.674000000006,320,0.1453513513513511
248,330576476.8,49.2562484741211,-122.92263031005899,49.25589316373627,-122.92225894835164,42993.692,220,0.18318918918918903
249,330576589.87341774,49.2562484741211,-122.92263031005899,49.2558945,-122.9222597,42981.58,339,0.18299145299145297
250,330576702.02020204,49.2562484741211,-122.92262326754054,49.255894866666665,-122.922259925,42988.130999999994,173,0.15958115183246133
251,330576802.85714287,49.2562484741211,-122.922622680664,49.2558989,-122.9222624,42982.279,300,0.12816753926701568
252,330576898.0952381,49.2562484741211,-122.922622680664,49.2558989,-122.9222624,42988.422999999995,161,0.12336405529953916
253,330576994.2307692,49.2562484741211,-122.922622680664,49.255901252,-122.92226347799999,42981.810999999994,261,0.12797235023041476
254,330577093.0693069,49.2562484741211,-122.922622680664,49.2559023976,-122.92226404879999,42994.412000000004,398,0.13
255,330577193.93939394,49.2562484741211,-122.922622680664,49.2559027,-122.9222642,42971.293,349,0.13
256,330577293.0693069,49.2562484741211,-122.922622680664,49.25590284193549,-122.92226431612904,42973.937999999995,366,0.12376068376068378
257,330577393.0,49.2562484741211,-122.922622680664,49.2559049,-122.922266,42997.367999999995,339,0.1227860696517412
258,330577495.87628865,49.2562484741211,-122.922622680664,49.25590496880734,-122.92226602293577,42991.495,369,0.1277611940298508
259,330577594.11764705,49.2562484741211,-122.922622680664,49.25590634495413,-122.92226648165138,42985.622,305,0.14718750000000103
260,330577694.0,49.2562484741211,-122.922622680664,49.2559064,-122.9222665,42972.519,259,0.1784375000000003
261,330577793.0693069,49.2562484741211,-122.922622680664,49.2559067,-122.9222658,42993.984000000004,332,0.17156097560975556
262,330577892.0792079,49.2562484741211,-122.922622680664,49.2559067,-122.9222658,42983.405999999995,166,0.14229268292682962
263,330577993.877551,49.2562484741211,-122.922622680664,49.255908272897194,-122.92226626261683,42985.972,295,0.13
264,330578094.0,49.2562484741211,-122.922622680664,49.2559084,-122.9222663,42974.22900000001,146,0.13
265,330578194.94949496,49.2562484741211,-122.922622680664,49.2559101037037,-122.92226715185184,42989.765999999996,359,0.13
266,330578301.86915886,49.2562484741211,-122.922622680664,49.25591248073394,-122.92226822477065,42968.121,281,0.13
267,330578396.2616823,49.2562484741211,-122.922622680664,49.2559131,-122.9222685,42986.81,305,0.12735751295336792
268,330578476.8,49.2562484741211,-122.922622680664,49.2559131,-122.9222685,42974.070999999996,105,0.12217616580310872
269,330578590.90909094,49.2562484741211,-122.922622680664,49.255917424752475,-122.9222712029703,42986.556,308,0.20754999999999987
270,330578693.0,49.2562484741211,-122.922622680664,49.2559179,-122.9222715,42991.827000000005,176,0.20255000000000006
271,330578793.0693069,49.2562484741211,-122.922622680664,49.25592159891304,-122.92227384565217,42991.572,293,0.18636363636363706
272,330578892.0,49.2562484741211,-122.922622680664,49.2559237394958,-122.92227523445378,42986.245,417,0.15936363636363687
273,330578992.0,49.25624526373228,-122.922622680664,49.2559243,-122.9222756,42988.52099999999,359,0.13860576923076923
274,330579093.877551,49.2562446594238,-122.922622680664,49.255925248000004,-122.922275758,42984.244000000006,171,0.13379807692307683
275,330579202.0,49.2562446594238,-122.922622680664,49.2559255,-122.9222758,42997.62,334,0.13
276,330579301.86915886,49.2562446594238,-122.922622680664,49.2559255,-122.9222758,42991.922999999995,366,0.13
277,330579395.3271028,49.2562446594238,-122.922622680664,49.25592714102564,-122.92227670256409,42995.54,325,0.13
278,330579500.9259259,49.2562446594238,-122.922622680664,49.2559280688,-122.92227696319999,42985.662000000004,156,0.13
279,330579593.5185185,49.2562446594238,-122.922622680664,49.2559284,-122.922277,42986.96400000001,310,0.1344318181818188
280,330579701.8348624,49.2562446594238,-122.922622680664,49.2559284,-122.922277,42983.309,144,0.1685227272727275
281,330579793.57798165,49.2562446594238,-122.922622680664,49.2559307808,-122.92227807520001,42989.725999999995,308,0.1733499999999991
282,330579901.8181818,49.256248186993346,-122.922622680664,49.255933417,-122.922279252,42998.748,264,0.12835000000000069
283,330579992.72727275,49.2562484741211,-122.922622680664,49.2559342,-122.9222796,42980.237,291,0.11479999999999986
284,330580093.877551,49.2562484741211,-122.922622680664,49.2559342972973,-122.92227966126127,43001.392,193,0.15480000000000108
285,330580194.0,49.2562484741211,-122.922622680664,49.25593672972973,-122.9222811927928,42998.029,266,0.17
286,330580300.0,49.2562484741211,-122.922622680664,49.25593807985074,-122.92228199402986,42978.547,244,0.1664766839378236
287,330580395.2380952,49.2562484741211,-122.922622680664,49.2559386,-122.9222823,42987.567,322,0.15611398963730577
288,330580476.0,49.2562484741211,-122.922622680664,49.25594008888889,-122.92228335462964,42994.975999999995,330,0.14823834196891195
289,330580590.90909094,49.2562484741211,-122.922622680664,49.255941,-122.922284,43006.74,505,0.14305699481865275
290,330580692.0792079,49.2562484741211,-122.922622680664,49.25593988333333,-122.9222833175926,42998.475999999995,291,0.1382812500000001
291,330580792.0,49.2562484741211,-122.922622680664,49.2559392,-122.9222829,42989.59,374,0.1330729166666666
292,330580892.0,49.2562452316284,-122.922622680664,49.25593890989011,-122.92228304505494,42992.759000000005,186,0.1329059829059828
293,330580992.9292929,49.2562446594238,-122.922622680664,49.2559388,-122.9222831,43001.334,317,0.14
294,330581093.0,49.2562446594238,-122.922622680664,49.2559413,-122.92228483611112,42993.477999999996,151,0.14
295,330581193.93939394,49.2562446594238,-122.922622680664,49.2559424,-122.9222856,42997.776,334,0.1390760869565218
296,330581293.0693069,49.2562446594238,-122.92261610880975,49.25594403026316,-122.92228629868421,43001.684,247,0.1336413043478261
297,330581401.8867925,49.2562446594238,-122.92261505126999,49.2559445,-122.9222865,42984.689000000006,261,0.13
298,330581496.2264151,49.2562446594238,-122.92261505126999,49.25594705864662,-122.92228799774436,42998.865,168,0.13
299,330581594.11764705,49.2562446594238,-122.92261505126999,49.2559486,-122.9222889,42982.2,305,0.13
300,330581693.0693069,49.2562446594238,-122.92261505126999,49.25594956330275,-122.92228931284404,43007.362,447,0.1295628415300547
301,330581792.0792079,49.2562446594238,-122.92261505126999,49.2559507,-122.9222898,42999.195,327,0.12409836065573766
302,330581892.9292929,49.2562446594238,-122.92261505126999,49.255952656521735,-122.92229066956523,43001.295999999995,352,0.12
303,330581993.93939394,49.2562446594238,-122.92261505126999,49.2559543,-122.9222914,42990.639,271,0.12
304,330582094.0,49.2562446594238,-122.92261505126999,49.25595522391304,-122.92229156304347,42987.413,164,0.12
305,330582194.0,49.2562446594238,-122.92261505126999,49.255956,-122.9222917,42995.889,344,0.12
306,330582294.0,49.2562446594238,-122.92261505126999,49.25595651206896,-122.92229187068965,43002.598,249,0.12
307,330582394.0,49.2562446594238,-122.92261505126999,49.2559569,-122.922292,42990.503,288,0.12
308,330582494.0,49.2562446594238,-122.92261505126999,49.2559569,-122.92229193399999,42993.343,317,0.12
309,330582594.0,49.2562446594238,-122.92261505126999,49.2559569,-122.9222918,42993.575999999994,295,0.12
310,330582694.0,49.2562446594238,-122.92261505126999,49.25595839285714,-122.9222928607143,42995.87,146,0.12
311,330582794.0,49.2562446594238,-122.92261505126999,49.2559607,-122.9222945,43005.592000000004,386,0.12
312,330582895.0,49.2562446594238,-122.92261505126999,49.25596188695652,-122.9222948652174,43001.626,269,0.12
313,330582995.0,49.2562446594238,-122.92261505126999,49.2559633,-122.9222953,42996.94,237,0.12
314,330583094.0,49.2562446594238,-122.92261505126999,49.255963873913046,-122.92229537826087,42990.600999999995,261,0.12
315,330583194.0,49.2562446594238,-122.92261505126999,49.2559655,-122.9222956,42999.448,347,0.12
316,330583294.0,49.2562446594238,-122.92261505126999,49.255966107999996,-122.92229576,42999.818,203,0.12
317,330583394.0,49.2562446594238,-122.92261505126999,49.2559674,-122.9222961,42999.234000000004,264,0.12
318,330583494.0,49.2562446594238,-122.92261505126999,49.25596767391304,-122.92229626956522,42994.393,146,0.12
319,330583594.0,49.2562446594238,-122.92261505126999,49.2559695,-122.9222974,43001.937000000005,347,0.12
320,330583694.0,49.2562446594238,-122.92261505126999,49.255969721739135,-122.9222974652174,43000.517,342,0.12
321,330583794.0,49.2562446594238,-122.92261505126999,49.2559712,-122.9222979,43005.767,305,0.11638888888888876
322,330583894.0,49.2562446594238,-122.92261505126999,49.25597125555556,-122.92229784444444,42990.621,244,0.1117592592592591
323,330583995.0,49.2562446594238,-122.92261505126999,49.2559717,-122.9222974,42994.801,332,0.14895287958115427
324,330584094.0,49.2562446594238,-122.92261505126999,49.25597175106383,-122.92229740851064,43005.242,222,0.21115183246073252
325,330584194.0,49.2562446594238,-122.92261505126999,49.2559729,-122.9222976,43005.515,339,0.20920792079207895
326,330584294.0,49.2562446594238,-122.92261505126999,49.25597309,-122.92229767,42994.315,220,0.17950495049504855
327,330584394.0,49.2562446594238,-122.92261505126999,49.2559748,-122.9222983,43008.547999999995,369,0.16686635944700448
328,330584494.0,49.2562446594238,-122.92261505126999,49.2559748212963,-122.9222983101852,42988.52099999999,364,0.16225806451612929
329,330584594.0,49.2562446594238,-122.92261505126999,49.25597695092593,-122.92229932870372,43005.515,286,0.15754807692307715
330,330584694.0,49.2562446594238,-122.92261505126999,49.25597727222222,-122.92229922777777,42983.737,359,0.15274038461538475
331,330584794.0,49.2562446594238,-122.92261505126999,49.2559773,-122.9222992,43005.028,339,0.13771428571428573
332,330584894.0,49.2562446594238,-122.92261505126999,49.255977516,-122.9222993296,42999.818,234,0.10914285714285629
333,330584994.0,49.2562446594238,-122.92261505126999,49.255978716,-122.92230004960001,43003.337,291,0.13263999999999898
334,330585094.0,49.2562446594238,-122.92261505126999,49.255979265,-122.9223001,42996.823,315,0.1558454106280194
335,330585194.0,49.2562446594238,-122.92261505126999,49.2559793,-122.9223001,42994.937000000005,334,0.14618357487922704
336,330585294.0,49.2562446594238,-122.92261505126999,49.25597913931624,-122.92229969829059,42999.545,178,0.14
337,330585394.0,49.2562446594238,-122.92261505126999,49.2559791,-122.9222996,43000.148,403,0.14
338,330585494.0,49.2562446594238,-122.92261505126999,49.255979137606836,-122.92229961880344,42989.065,225,0.14
339,330585594.0,49.2562446594238,-122.92261505126999,49.25597947948718,-122.92229978974359,42999.137,322,0.13512000000000002
340,330585694.0,49.2562446594238,-122.92261505126999,49.25597965666667,-122.92229964333335,43006.292,132,0.13
341,330585794.0,49.2562446594238,-122.92261505126999,49.2559797,-122.9222996,43008.547999999995,405,0.13
342,330585894.0,49.2562446594238,-122.92261505126999,49.25598035940594,-122.92229996633664,42994.198,278,0.128
343,330585994.0,49.2562446594238,-122.92261505126999,49.2559806,-122.9223001,43002.967000000004,356,0.12300000000000018
344,330586094.0,49.2562446594238,-122.92261505126999,49.255980454,-122.922299954,42985.797999999995,291,0.12
345,330586194.0,49.2562446594238,-122.92261505126999,49.2559804,-122.9222999,43003.376,232,0.12
346,330586294.0,49.2562446594238,-122.92261505126999,49.25598069285714,-122.92230029047617,42990.697,132,0.12
347,330586394.0,49.2562446594238,-122.92261505126999,49.2559807,-122.9223003,43011.717000000004,376,0.12
348,330586494.0,49.2562446594238,-122.92261505126999,49.25598031637931,-122.92230037672415,43002.655999999995,247,0.12
349,330586595.0,49.2562446594238,-122.92261505126999,49.2559802,-122.9223004,42991.457,315,0.12
350,330586694.0,49.2562446594238,-122.92261505126999,49.25598047037037,-122.92230073796296,42995.71400000001,264,0.11845000000000008
351,330586794.0,49.2562446594238,-122.92261505126999,49.2559806,-122.9223009,43001.782,313,0.11345000000000008
352,330586894.0,49.2562446594238,-122.92261505126999,49.25598042666667,-122.92230072666666,42993.79,254,0.11756097560975587
353,330586994.0,49.2562446594238,-122.92261505126999,49.2559804,-122.9223007,43011.678,298,0.14195121951219372
354,330587094.0,49.2562446594238,-122.92261505126999,49.25598020243902,-122.9223007,43008.606,234,0.15875598086124418
355,330587194.0,49.2562446594238,-122.92261505126999,49.2559801,-122.9223007,43005.398,278,0.1539712918660287
356,330587294.0,49.2562446594238,-122.92261505126999,49.25597977777778,-122.92230037777777,43010.998,154,0.14915841584158404
357,330587394.0,49.2562446594238,-122.92261505126999,49.2559795,-122.9223001,43011.134000000005,325,0.14420792079207914
358,330587494.0,49.2562446594238,-122.92261505126999,49.25597974117647,-122.92230034117647,43009.054000000004,198,0.13918478260869602
359,330587594.0,49.2562446594238,-122.92261505126999,49.25598,-122.9223006,43009.831,259,0.1337500000000002
360,330587694.0,49.2562446594238,-122.92261505126999,49.25598014933333,-122.922300824,43010.084,300,0.13
361,330587795.0,49.2562446594238,-122.92261505126999,49.2559802,-122.9223009,43010.725999999995,293,0.12744000000000028
362,330587894.0,49.2562446594238,-122.92261505126999,49.25598003333333,-122.92230095555556,43001.062000000005,193,0.12
363,330587994.0,49.2562446594238,-122.92261505126999,49.2559799,-122.922301,43008.956,334,0.12
364,330588094.0,49.2562446594238,-122.92261505126999,49.255979742424245,-122.922301,43012.573,212,0.12
365,330588194.0,49.2562446594238,-122.92261505126999,49.2559795,-122.922301,43005.515,295,0.12
366,330588294.0,49.2562446594238,-122.92261505126999,49.25597898,-122.92230089600001,43007.07,173,0.12
367,330588394.0,49.2562446594238,-122.92261505126999,49.2559785,-122.9223008,43009.753,293,0.12
368,330588494.0,49.2562446594238,-122.92261505126999,49.255978684615386,-122.92230126153846,43000.245,149,0.12
369,330588594.0,49.2562446594238,-122.92261505126999,49.2559789,-122.9223018,43009.325999999994,332,0.12
370,330588694.0,49.2562446594238,-122.92261505126999,49.255978992307696,-122.92230189230769,43006.662000000004,334,0.12031249999999927
371,330588794.0,49.2562446594238,-122.92261505126999,49.2559791,-122.922302,43003.454000000005,347,0.15156249999999968
372,330588894.0,49.2562446594238,-122.92261505126999,49.2559791,-122.922302,43006.856,264,0.1795477386934673
373,330588994.0,49.2562446594238,-122.92261505126999,49.2559791,-122.922302,43008.975999999995,305,0.17452261306532685
374,330589094.0,49.2562446594238,-122.92261505126999,49.255978334782604,-122.92230171304348,43006.797999999995,444,0.16990049751243805
375,330589194.0,49.2562446594238,-122.92261505126999,49.2559775,-122.9223014,43011.776,354,0.16492537313432853
376,330589294.0,49.2562446594238,-122.92261505126999,49.2559775,-122.9223014,43012.165,334,0.15995391705069134
377,330589394.0,49.2562446594238,-122.92261505126999,49.2559775,-122.9223014,43009.306,266,0.15534562211981567
378,330589494.0,49.2562446594238,-122.92261505126999,49.255977561904764,-122.9223014,43009.19,234,0.15073732718894034
379,330589594.0,49.2562446594238,-122.92261505126999,49.2559777,-122.9223014,43013.215,352,0.15918032786885206
380,330589694.0,49.2562446594238,-122.92261505126999,49.255977980733945,-122.92230149357798,43005.72900000001,325,0.16990825688073416
381,330589794.0,49.2562446594238,-122.92261505126999,49.2559783,-122.9223016,43004.426,317,0.16073394495412868
382,330589894.0,49.2562446594238,-122.92261505126999,49.255978575,-122.92230175,43009.325999999994,374,0.1323999999999998
383,330589994.0,49.2562446594238,-122.92261505126999,49.2559794,-122.9223022,43009.015,361,0.10240000000000085
384,330590094.0,49.2562446594238,-122.92261505126999,49.255979447222224,-122.9223022,43009.792,210,0.10440191387559797
385,330590194.0,49.2562446594238,-122.92261505126999,49.2559797,-122.9223022,43009.092000000004,403,0.10918660287081326
386,330590294.0,49.2562446594238,-122.92261505126999,49.255979785,-122.9223022,43004.426,291,0.11399038461538456
387,330590394.0,49.2562446594238,-122.92261505126999,49.2559802,-122.9223022,43012.3,378,0.11879807692307698
388,330590494.0,49.2562446594238,-122.92261505126999,49.255980397826086,-122.92230235217393,43001.878,466,0.12
389,330590594.0,49.2562446594238,-122.92261505126999,49.2559815,-122.9223032,43009.87,371,0.12
390,330590694.0,49.2562446594238,-122.92261505126999,49.25598151521739,-122.9223031847826,43009.559,249,0.12
391,330590794.0,49.2562446594238,-122.92261505126999,49.2559816,-122.9223031,43010.337,256,0.12
392,330590894.0,49.2562446594238,-122.92261505126999,49.25598150869565,-122.92230299347825,43001.14,242,0.12
393,330590994.0,49.2562446594238,-122.92261505126999,49.255981,-122.9223024,43007.030999999995,332,0.12
394,330591094.0,49.2562446594238,-122.92261505126999,49.25598093,-122.92230230199999,43010.337,198,0.12363184079601991
395,330591194.0,49.2562446594238,-122.92261505126999,49.2559805,-122.9223017,43012.359000000004,303,0.12860696517412942
396,330591294.0,49.2562446594238,-122.92261505126999,49.2559805,-122.9223017,43013.059,215,0.13
397,330591394.0,49.2562446594238,-122.92261505126999,49.2559812,-122.922302,43012.69,313,0.13
398,330591494.0,49.2562446594238,-122.92261505126999,49.2559812,-122.922302,43012.884000000005,205,0.126923076923077
399,330591594.0,49.2562446594238,-122.92261505126999,49.25598164907407,-122.9223020898148,43007.09,310,0.12211538461538475
400,330591694.0,49.2562446594238,-122.92261505126999,49.2559817,-122.9223021,43007.751,303,0.12282828282828269
401,330591794.0,49.2562446594238,-122.92261505126999,49.255982170731706,-122.92230271463416,43012.884000000005,222,0.12787878787878781
402,330591894.0,49.2562446594238,-122.92261505126999,49.25598168292683,-122.92230295853658,43006.505999999994,234,0.13
403,330591994.0,49.2562446594238,-122.92261505126999,49.2559816,-122.922303,43009.929000000004,322,0.13
404,330592094.0,49.2562446594238,-122.92261505126999,49.25598136752137,-122.92230280854702,43006.312000000005,264,0.13
405,330592194.0,49.2562446594238,-122.92261505126999,49.25597991452992,-122.92230161196582,43009.559,330,0.1247199999999998
406,330592294.0,49.2562446594238,-122.92261505126999,49.25597908120301,-122.9223008556391,43009.54,212,0.12
407,330592394.0,49.2562446594238,-122.92261505126999,49.2559788,-122.9223006,43003.24,281,0.12
408,330592494.0,49.2562446594238,-122.92261505126999,49.25597755217391,-122.92229979782607,43009.987,171,0.12
409,330592594.0,49.2562446594238,-122.92261505126999,49.2559774,-122.9222997,43012.204000000005,313,0.12159999999999986
410,330592694.0,49.2562446594238,-122.92261505126999,49.255978066000004,-122.922300366,43009.345,264,0.12660000000000005
411,330592794.0,49.2562446594238,-122.92261505126999,49.2559783,-122.9223006,43009.715,298,0.12839999999999985
412,330592894.0,49.2562446594238,-122.92261505126999,49.255978883333334,-122.92230101666668,43009.422999999995,369,0.12339999999999984
413,330592994.0,49.2562446594238,-122.92261505126999,49.255979,-122.9223011,43006.72,298,0.1299999999999989
414,330593094.0,49.2562446594238,-122.92261505126999,49.25597982,-122.922301674,43009.19,239,0.1612499999999993
415,330593194.0,49.2562446594238,-122.92261505126999,49.25598,-122.9223018,43013.001,349,0.16738738738738773
416,330593294.0,49.2562446594238,-122.92261505126999,49.255980135779815,-122.92230207155964,43003.317,176,0.13585585585585594
417,330593394.0,49.2562446594238,-122.92261505126999,49.2559802,-122.9223022,43009.578,374,0.11093750000000004
418,330593494.0,49.2562446594238,-122.92261505126999,49.255978956989246,-122.92230168817206,43003.356,208,0.11614583333333306
419,330593594.0,49.2562446594238,-122.92261505126999,49.2559785,-122.9223015,43008.684,349,0.12
420,330593694.0,49.2562446594238,-122.92261505126999,49.25597817741935,-122.92230133870969,43009.559,271,0.12
421,330593794.0,49.2562446594238,-122.92261505126999,49.2559781,-122.9223013,43011.562000000005,366,0.12
422,330593895.0,49.2562446594238,-122.92261505126999,49.25597803303571,-122.92230143392857,43009.287000000004,237,0.12
423,330593994.0,49.2562446594238,-122.92261505126999,49.255978,-122.9223015,43012.047999999995,337,0.1195000000000001
424,330594094.0,49.2562446594238,-122.92261505126999,49.2559774,-122.9223009,43006.176,288,0.1145000000000001
425,330594194.0,49.2562446594238,-122.92261505126999,49.255977,-122.9223005,43009.073,342,0.11528846153846052
426,330594294.0,49.2562446594238,-122.92261505126999,49.25597727777778,-122.92230055555555,43008.937000000005,315,0.16817307692307706
427,330594394.0,49.2562446594238,-122.92261505126999,49.2559775,-122.9223006,43011.99,281,0.21928143712574763
428,330594494.0,49.2562446594238,-122.92261505126999,49.25597727627119,-122.9223006,43005.922999999995,195,0.18335329341317516
429,330594594.0,49.2562446594238,-122.92261505126999,49.2559772,-122.9223006,43012.280999999995,330,0.15700854700854724
430,330594694.0,49.2562446594238,-122.92261505126999,49.25597702857143,-122.92230071428571,43012.437000000005,288,0.14909547738693463
431,330594794.0,49.2562446594238,-122.92261505126999,49.2559769,-122.9223008,43011.134000000005,332,0.14407035175879382
432,330594894.0,49.2562446594238,-122.92261505126999,49.255977368,-122.92230100799999,43006.662000000004,203,0.14
433,330594994.0,49.2562446594238,-122.92261505126999,49.2559778,-122.9223012,43008.47,325,0.14
434,330595094.0,49.2562446594238,-122.92261505126999,49.255978424,-122.92230139200001,43009.442,210,0.13925742574257427
435,330595194.0,49.2562446594238,-122.92261505126999,49.2559791,-122.9223016,43012.417,330,0.13430693069306937
436,330595294.0,49.2562446594238,-122.92261505126999,49.2559798,-122.9223018625,43002.812000000005,195,0.13
437,330595394.0,49.2562446594238,-122.92261505126999,49.2559807,-122.9223022,43012.359000000004,320,0.13
438,330595494.0,49.2562446594238,-122.92261505126999,49.25598176842105,-122.92230303947368,43008.431,327,0.1283333333333338
439,330595594.0,49.2562446594238,-122.92261505126999,49.2559835,-122.9223044,43011.931,288,0.1203968253968256
440,330595694.0,49.2562446594238,-122.92261505126999,49.25598391666667,-122.92230492083333,43008.762,190,0.12
441,330595794.0,49.2562446594238,-122.92261505126999,49.2559843,-122.9223054,43011.65900000001,327,0.12
442,330595894.0,49.2562446594238,-122.92261505126999,49.25598535,-122.92230635,43009.03400000001,378,0.12
443,330595994.0,49.2562446594238,-122.92261505126999,49.2559864,-122.9223073,43008.373,391,0.12
444,330596094.0,49.2562446594238,-122.92261505126999,49.255986928571424,-122.92230778452382,43006.856,205,0.12
445,330596194.0,49.2562446594238,-122.92261505126999,49.2559876,-122.9223084,43008.723,303,0.12
446,330596294.0,49.2562446594238,-122.92261505126999,49.25598827789474,-122.92230887157895,43011.172999999995,444,0.12482233502538076
447,330596394.0,49.2562446594238,-122.92261505126999,49.2559899,-122.92231,43012.379,315,0.12989847715736064
448,330596494.0,49.2562446594238,-122.92261505126999,49.25599069059829,-122.9223105059829,43011.65900000001,259,0.15413793103448215
449,330596594.0,49.2562446594238,-122.92261505126999,49.2559924,-122.9223116,43011.852999999996,332,0.17876847290640333
450,330596694.0,49.2562446594238,-122.92261505126999,49.255993583999995,-122.922312414,43006.02,391,0.17525000000000013
451,330596794.0,49.2562446594238,-122.92261505126999,49.2559956,-122.9223138,43011.931,383,0.17025000000000012
452,330596894.0,49.2562446594238,-122.92261505126999,49.25599605769231,-122.92231404230769,43011.834,181,0.14311320754716966
453,330596994.0,49.2562446594238,-122.92261505126999,49.2559973,-122.9223147,43010.977999999996,420,0.11481132075471792
454,330597094.0,49.2562446594238,-122.92261505126999,49.25599741111111,-122.92231472222224,43006.098,273,0.11414999999999986
455,330597194.0,49.2562446594238,-122.92261505126999,49.2559978,-122.9223148,43010.454000000005,339,0.11914999999999985
456,330597294.0,49.2562446594238,-122.92261505126999,49.25599764819277,-122.92231464819277,43011.99,222,0.12
457,330597394.0,49.2562446594238,-122.92261505126999,49.2559972,-122.9223142,43011.153,371,0.12
458,330597494.0,49.2562446594238,-122.92261505126999,49.25599723853211,-122.92231422568807,43008.217000000004,183,0.12
459,330597594.0,49.2562446594238,-122.92261505126999,49.2559975,-122.9223144,43008.665,325,0.12
460,330597694.0,49.2562446594238,-122.92261505126999,49.25599741333333,-122.92231437523809,43004.852999999996,200,0.14616822429906504
461,330597794.0,49.2562446594238,-122.92261505126999,49.255996756363636,-122.9223142,43011.795,425,0.17887850467289748
462,330597894.0,49.2562446594238,-122.92261505126999,49.25599621090909,-122.9223142,43011.523,264,0.18676136363636356
463,330597995.0,49.2562446594238,-122.92261505126999,49.2559962,-122.9223142,43010.667,422,0.18102272727272728
464,330598094.0,49.2562446594238,-122.92261505126999,49.25599619207921,-122.92231423960395,43011.562000000005,364,0.1759296482412062
465,330598194.0,49.2562446594238,-122.92261505126999,49.2559961,-122.9223147,43011.037000000004,334,0.17090452261306538
466,330598294.0,49.2562446594238,-122.92261505126999,49.25599614954128,-122.92231474954129,43011.484000000004,295,0.14177339901477842
467,330598394.0,49.2562446594238,-122.92261505126999,49.25599697522936,-122.92231557522936,43011.27,339,0.11714285714285638
468,330598494.0,49.2562446594238,-122.92261505126999,49.25599824587156,-122.9223166678899,43011.27,144,0.11
469,330598594.0,49.2562446594238,-122.92261505126999,49.2559984,-122.9223168,43011.852999999996,361,0.11
470,330598694.0,49.2562446594238,-122.92261505126999,49.25599845963303,-122.92231685504586,43010.765,466,0.11
471,330598794.0,49.2562446594238,-122.92261505126999,49.25599965229358,-122.92231795596331,43011.737,298,0.11
472,330598894.0,49.2562446594238,-122.92261505126999,49.2559997,-122.922318,43010.78400000001,205,0.13048076923077015
473,330598994.0,49.2562446594238,-122.92261505126999,49.256000276,-122.92231828800001,43011.134000000005,388,0.1593269230769216
474,330599094.0,49.2562446594238,-122.92261505126999,49.25600025876288,-122.92231827525774,43010.862,366,0.15470873786407852
475,330599194.0,49.2562446594238,-122.92261505126999,49.25599928189655,-122.92231770603449,43010.473,291,0.13043689320388352
476,330599294.0,49.2562446594238,-122.92261505126999,49.25599902327586,-122.92231779224139,43011.834,154,0.12
477,330599394.0,49.2562446594238,-122.92261505126999,49.255999,-122.9223178,43011.172999999995,293,0.12
478,330599494.0,49.2562446594238,-122.92261505126999,49.255999,-122.92231793333333,43011.678,249,0.12
479,330599594.0,49.2562446594238,-122.92261505126999,49.255999,-122.9223184,43011.037000000004,286,0.12
480,330599694.0,49.2562446594238,-122.92261505126999,49.255999,-122.9223184,43011.405999999995,227,0.1402222222222214
481,330599794.0,49.2562446594238,-122.92261505126999,49.25599875229358,-122.92231856513763,43011.852999999996,254,0.17133333333333273
482,330599894.0,49.2562446594238,-122.92261505126999,49.25599814615384,-122.92231818461538,43010.862,286,0.17714285714285682
483,330599994.0,49.2562446594238,-122.92261505126999,49.2559979,-122.922318,43011.542,291,0.1441758241758261
484,330600094.0,49.2562446594238,-122.92261505126999,49.25599757912088,-122.92231751868131,43010.862,239,0.13
485,330600194.0,49.2562446594238,-122.92261505126999,49.2559975,-122.9223174,43010.959,308,0.13
486,330600294.0,49.2562446594238,-122.92261505126999,49.255997497580644,-122.9223174,43011.309,239,0.13
487,330600394.0,49.2562446594238,-122.92261505126999,49.25599725564516,-122.9223174,43010.842000000004,305,0.1280094786729857
488,330600494.0,49.2562446594238,-122.92261505126999,49.255997348076924,-122.92231791826923,43011.465,371,0.12327014218009494
489,330600594.0,49.2562446594238,-122.92261505126999,49.2559974,-122.9223181,43011.056,366,0.12338797814207637
490,330600694.0,49.2562446594238,-122.92261505126999,49.25599722619048,-122.9223181,43012.067,278,0.13431693989071042
491,330600794.0,49.2562446594238,-122.92261505126999,49.2559972,-122.9223181,43010.297999999995,325,0.14
492,330600894.0,49.2562446594238,-122.92261505126999,49.25599786880734,-122.92231854587156,43011.484000000004,369,0.14
493,330600994.0,49.2562446594238,-122.92261505126999,49.2559981,-122.9223187,43011.212,273,0.13884816753926713
494,330601094.0,49.2562446594238,-122.92261505126999,49.2559981,-122.9223187,43010.880999999994,222,0.13361256544502628
495,330601194.0,49.2562446594238,-122.92261505126999,49.25599763064516,-122.92231830887096,43011.484000000004,320,0.1284500000000001
496,330601294.0,49.2562446594238,-122.92261505126999,49.255998206451615,-122.92231874946236,43011.484000000004,227,0.12345000000000007
497,330601394.0,49.2562446594238,-122.92261505126999,49.2559984,-122.9223189,43012.145,376,0.12
498,330601494.0,49.2562446594238,-122.92261505126999,49.25599762352941,-122.92231854705882,43011.834,271,0.12
499,330601594.0,49.2562446594238,-122.92261505126999,49.2559973,-122.9223184,43010.823,308,0.12
500,330601694.0,49.2562446594238,-122.92261505126999,49.255997844444444,-122.92231886666667,43012.630999999994,266,0.12
501,330601794.0,49.2562446594238,-122.92261505126999,49.255998,-122.922319,43011.405999999995,317,0.12
502,330601894.0,49.2562446594238,-122.92261505126999,49.255998554455445,-122.92231941584159,43011.99,164,0.12
503,330601994.0,49.2562446594238,-122.92261505126999,49.2559988,-122.9223196,43011.795,327,0.11937823834196924
504,330602094.0,49.2562446594238,-122.92261505126999,49.255998684782604,-122.9223196576087,43011.912000000004,298,0.11419689119171005
505,330602194.0,49.2562446594238,-122.92261505126999,49.2559986,-122.9223197,43012.165,266,0.11
506,330602294.0,49.2562446594238,-122.92261505126999,49.255998233999996,-122.922319395,43011.64,349,0.11
507,330602394.0,49.2562446594238,-122.92261505126999,49.255998,-122.9223192,43012.767,288,0.12004807692307955
508,330602494.0,49.2562446594238,-122.92261505126999,49.255997442424245,-122.92231878181818,43012.223,159,0.17293269230769054
509,330602594.0,49.2562446594238,-122.92261505126999,49.2559972,-122.9223186,43012.359000000004,251,0.2159895833333349
510,330602694.0,49.2562446594238,-122.92261505126999,49.25599645913978,-122.92231831505377,43012.709,393,0.17953125000000109
511,330602794.0,49.2562446594238,-122.92261505126999,49.2559959,-122.9223181,43012.067,320,0.14909090909090916
512,330602894.0,49.2562446594238,-122.92261505126999,49.2559959,-122.92231830799999,43013.117999999995,205,0.1443062200956937
513,330602994.0,49.2562446594238,-122.92261505126999,49.2559959,-122.9223185,43012.65,349,0.13989583333333358
514,330603094.0,49.2562446594238,-122.92261505126999,49.25599580549451,-122.9223185945055,43013.001,142,0.13468750000000018
515,330603194.0,49.2562446594238,-122.92261505126999,49.2559957,-122.9223187,43013.059,398,0.12955555555555565
516,330603294.0,49.2562446594238,-122.92261505126999,49.25599600769231,-122.92231905897437,43012.845,281,0.12511111111111117
517,330603394.0,49.2562446594238,-122.92261505126999,49.2559963,-122.9223194,43013.312000000005,378,0.12066666666666669
518,330603494.0,49.2562446594238,-122.92261505126999,49.25599634029851,-122.92231960149255,43012.962,149,0.12
519,330603594.0,49.2562446594238,-122.92261505126999,49.2559964,-122.9223199,43013.254,378,0.12
520,330603694.0,49.2562446594238,-122.92261505126999,49.25599692608696,-122.92232042608696,43013.292,176,0.12
521,330603794.0,49.2562446594238,-122.92261505126999,49.2559975,-122.922321,43013.254,327,0.11989999999999988
522,330603894.0,49.2562446594238,-122.92261505126999,49.25599806521739,-122.92232150869565,43013.526,273,0.11489999999999988
523,330603994.0,49.2562446594238,-122.92261505126999,49.2559985,-122.9223219,43013.254,337,0.11
524,330604094.0,49.2562446594238,-122.92261505126999,49.25599949537037,-122.92232261666668,43014.030999999995,205,0.11
525,330604194.0,49.2562446594238,-122.92261505126999,49.256001,-122.9223237,43012.748,342,0.11
526,330604294.0,49.2562446594238,-122.92261505126999,49.256001860000005,-122.922324474,43013.973,212,0.11
527,330604394.0,49.2562446594238,-122.92261505126999,49.256003,-122.9223255,43014.128,347,0.11
528,330604494.0,49.2562446594238,-122.92261505126999,49.256004075,-122.92232638804347,43013.700999999994,171,0.11467661691542258
529,330604594.0,49.2562446594238,-122.92261505126999,49.2560053,-122.9223274,43013.759000000005,352,0.1196517412935321
530,330604694.0,49.2562446594238,-122.92261505126999,49.25600670217391,-122.92232828804347,43013.234000000004,317,0.12
531,330604794.0,49.2562446594238,-122.92261505126999,49.2560083,-122.9223293,43013.953,405,0.12
532,330604894.0,49.2562446594238,-122.92261505126999,49.25600935,-122.92233,43014.168,217,0.12
533,330604994.0,49.2562446594238,-122.92261505126999,49.256011,-122.9223311,43013.934,339,0.12
534,330605094.0,49.2562446594238,-122.92261505126999,49.256011448,-122.922331436,43014.128,212,0.12
535,330605194.0,49.2562446594238,-122.92261505126999,49.2560126,-122.9223323,43012.825999999994,342,0.12
536,330605294.0,49.2562446594238,-122.92261505126999,49.256013484782606,-122.92233298369565,43014.225999999995,347,0.1519711538461537
537,330605394.0,49.2562446594238,-122.92261505126999,49.2560148,-122.922334,43013.195,305,0.1856250000000006
538,330605494.0,49.2562446594238,-122.92261505126999,49.25601528,-122.92233434,43014.07,208,0.15970149253731483
539,330605594.0,49.2562446594238,-122.92261505126999,49.2560172,-122.9223357,43013.914000000004,320,0.12487562189054825
540,330605694.0,49.2562446594238,-122.92261505126999,49.256018030769226,-122.92233643846154,43013.059,222,0.12
541,330605794.0,49.2562446594238,-122.92261505126999,49.2560199,-122.9223381,43014.556,308,0.12
542,330605894.0,49.2562446594238,-122.92261505126999,49.25602064698795,-122.92233872650601,43013.700999999994,242,0.12
543,330605994.0,49.2562446594238,-122.92261505126999,49.256023,-122.9223407,43013.623,371,0.12
544,330606094.0,49.2562446594238,-122.92261505126999,49.256023550458714,-122.9223410853211,43013.954000000005,232,0.14004608294930798
545,330606194.0,49.2562446594238,-122.92261505126999,49.256026,-122.9223428,43013.700999999994,330,0.16308755760368635
546,330606294.0,49.2562446594238,-122.92261505126999,49.25602609782609,-122.92234285869564,43014.109000000004,215,0.16651741293532338
547,330606394.0,49.2562446594238,-122.92261505126999,49.256029,-122.9223446,43013.778,269,0.16154228855721386
548,330606494.0,49.2562446594238,-122.92261505126999,49.256029,-122.9223446,43014.187000000005,222,0.15378238341968956
549,330606594.0,49.2562446594238,-122.92261505126999,49.256031,-122.9223461,43013.642,359,0.14341968911917116
550,330606694.0,49.2562446594238,-122.92261505126999,49.256031,-122.9223461,43014.128,229,0.14322404371584688
551,330606793.0,49.2562446594238,-122.92261505126999,49.2560328,-122.9223477,43014.556,308,0.14863387978142084
552,330606893.0,49.2562446594238,-122.92261505126999,49.2560328,-122.9223477,43013.526,205,0.15
553,330606993.0,49.2562446594238,-122.92261505126999,49.25603454311926,-122.92234925963302,43014.556,291,0.15
554,330607093.0,49.2562446594238,-122.92261505126999,49.256034924,-122.922349568,43013.876,195,0.14651041666666667
555,330607193.0,49.2562446594238,-122.92261505126999,49.2560375,-122.9223515,43013.700999999994,225,0.14130208333333327
556,330607293.0,49.2562446594238,-122.92261505126999,49.25603785555556,-122.92235180707071,43014.401,374,0.13669999999999993
557,330607393.0,49.2562446594238,-122.92261505126999,49.2560397,-122.9223534,43013.643,310,0.1317000000000003
558,330607493.0,49.2562446594238,-122.92261505126999,49.256039865217396,-122.92235353913043,43013.895,422,0.13
559,330607593.0,49.2562446594238,-122.92261505126999,49.25604155524476,-122.92235498881118,43013.350999999995,347,0.13
560,330607694.0,49.2562446594238,-122.92261505126999,49.25604127272727,-122.92235491818182,43014.343,200,0.13
561,330607794.0,49.2562446594238,-122.92261505126999,49.2560412,-122.9223549,43013.21400000001,332,0.13
562,330607894.0,49.2562446594238,-122.92261505126999,49.25604123168317,-122.92235493168316,43013.797999999995,227,0.13
563,330607994.0,49.2562446594238,-122.92261505126999,49.256042,-122.9223557,43013.915,264,0.13
564,330608094.0,49.2562446594238,-122.92261505126999,49.256042073913044,-122.92235575652175,43013.623,151,0.12693467336683426
565,330608194.0,49.2562446594238,-122.92261505126999,49.256043735820896,-122.92235705373135,43013.662000000004,315,0.12190954773869361
566,330608294.0,49.2562446594238,-122.92261505126999,49.25604403432836,-122.92235750149254,43013.915,208,0.12
567,330608394.0,49.2562446594238,-122.92261505126999,49.2560441,-122.9223576,43013.526,347,0.12
568,330608494.0,49.2562446594238,-122.92261505126999,49.256044132967034,-122.92235762967033,43014.128,215,0.12
569,330608594.0,49.2562446594238,-122.92261505126999,49.25604514761905,-122.92235853809524,43013.505999999994,342,0.12
570,330608694.0,49.2562446594238,-122.92261505126999,49.25604554444444,-122.92235885555556,43014.051,181,0.12
571,330608794.0,49.2562446594238,-122.92261505126999,49.2560456,-122.9223589,43013.739,398,0.12
572,330608894.0,49.2562446594238,-122.92261505126999,49.256046558715596,-122.92235968440366,43013.954000000005,149,0.16367999999999994
573,330608994.0,49.2562446594238,-122.92261505126999,49.2560467,-122.9223598,43013.505999999994,376,0.20832432432432588
574,330609093.0,49.2562446594238,-122.92261505126999,49.25604685862069,-122.92235995172415,43013.584,374,0.17621621621621572
575,330609193.0,49.2562446594238,-122.92261505126999,49.25604884137931,-122.92236184827586,43014.012,310,0.15759615384615372
576,330609293.0,49.2562446594238,-122.92261505126999,49.25605060366973,-122.92236377247706,43013.526,244,0.15278846153846146
577,330609393.0,49.2562446594238,-122.92261505126999,49.2560509,-122.9223641,43014.148,273,0.14782383419689146
578,330609493.0,49.2562446594238,-122.92261505126999,49.25605317722772,-122.9223660128713,43013.468,293,0.14264248704663227
579,330609593.0,49.2562446594238,-122.92261505126999,49.2560534,-122.9223662,43014.109000000004,317,0.14
580,330609694.0,49.2562446594238,-122.92261505126999,49.256053625,-122.922366575,43014.44,249,0.14
581,330609794.0,49.2562446594238,-122.92261505126999,49.2560537,-122.9223667,43013.428,332,0.1385853658536584
582,330609894.0,49.2562446594238,-122.92261505126999,49.25605450515464,-122.92236728556702,43014.129,269,0.13370731707317066
583,330609994.0,49.2562446594238,-122.92261505126999,49.2560548,-122.9223675,43013.700999999994,383,0.13
584,330610094.0,49.2562446594238,-122.92261505126999,49.2560548,-122.9223675,43013.953,212,0.13
585,330610194.0,49.2562446594238,-122.92261505126999,49.256055978571425,-122.9223683642857,43014.323,405,0.13
586,330610294.0,49.2562446594238,-122.92261505126999,49.25605674051724,-122.92236891465517,43013.448,159,0.13
587,330610394.0,49.2562446594238,-122.92261505126999,49.256057,-122.9223691,43014.362,310,0.13563380281690146
588,330610494.0,49.2562446594238,-122.92261505126999,49.25605486391753,-122.92236765051545,43013.564000000006,146,0.14971830985915457
589,330610594.0,49.2562446594238,-122.92261505126999,49.2560542,-122.9223672,43014.012,344,0.15729999999999994
590,330610694.0,49.2562446594238,-122.92261505126999,49.256054889999994,-122.92236789,43013.117999999995,137,0.14729999999999993
591,330610794.0,49.2562446594238,-122.92261505126999,49.2560552,-122.9223682,43014.187000000005,259,0.14
592,330610894.0,49.2562446594238,-122.92261505126999,49.25605641388889,-122.92236915833332,43013.973,278,0.14
593,330610994.0,49.2562446594238,-122.92261505126999,49.2560571,-122.9223697,43013.215,366,0.13949494949494962
594,330611094.0,49.2562446594238,-122.92261505126999,49.25605737108434,-122.92236997108434,43014.692,261,0.1344444444444445
595,330611194.0,49.2562446594238,-122.92261505126999,49.2560576,-122.9223702,43013.778,356,0.13
596,330611294.0,49.2562446594238,-122.92261505126999,49.256058153043476,-122.92237070695653,43013.934,168,0.13
597,330611394.0,49.2562446594238,-122.92261505126999,49.2560588,-122.9223713,43014.653,317,0.12936274509803897
598,330611494.0,49.2562446594238,-122.92261505126999,49.256058125,-122.92237093653846,43014.634000000005,356,0.12446078431372552
599,330611594.0,49.2562446594238,-122.92261505126999,49.2560575,-122.9223706,43014.42,352,0.12195652173913045
600,330611694.0,49.2562446594238,-122.92261505126999,49.2560563,-122.92236993333333,43013.312000000005,283,0.14369565217391284
601,330611794.0,49.2562446594238,-122.92261505126999,49.2560557,-122.9223696,43014.109000000004,303,0.14922413793103506
602,330611894.0,49.2562446594238,-122.92261505126999,49.256054627999994,-122.9223688496,43014.556,408,0.11
603,330611994.0,49.2562446594238,-122.92261505126999,49.2560537,-122.9223682,43013.60400000001,334,0.11
604,330612094.0,49.2562446594238,-122.92261505126999,49.256052765934065,-122.92236754065934,43014.77,256,0.11
605,330612194.0,49.2562446594238,-122.92261505126999,49.256052,-122.922367,43013.584,249,0.11
606,330612294.0,49.2562446594238,-122.92261505126999,49.256051192307694,-122.92236656923077,43013.973,244,0.11
607,330612394.0,49.2562446594238,-122.92261505126999,49.2560505,-122.9223662,43013.74,283,0.11
608,330612494.0,49.2562446594238,-122.92261505126999,49.25605055208333,-122.92236630416667,43013.876,359,0.11487684729064015
609,330612594.0,49.2562446594238,-122.92261505126999,49.2560507,-122.9223666,43014.42,354,0.11980295566502439
610,330612694.0,49.2562446594238,-122.92261505126999,49.25605011759259,-122.92236612037037,43014.051,144,0.12
611,330612794.0,49.2562446594238,-122.92261505126999,49.256049,-122.9223652,43013.895,293,0.12
612,330612894.0,49.2562446594238,-122.92261505126999,49.256049,-122.9223652,43013.40900000001,310,0.12
613,330612994.0,49.2562446594238,-122.92261505126999,49.256049,-122.9223652,43013.681,305,0.12
